Row ID,Order ID,Order Date,Ship Date,Ship Mode,Customer ID,Customer Name,Segment,Country,City,State,Postal Code,Region,Product ID,Category,Sub-Category,Product Name,Sales,Order Month
2,CA-2017-152156,2017-11-08,2017-11-11,Second Class,CG-12520,Claire Gute,Consumer,United States,Henderson,Kentucky,42420.0,South,FUR-CH-10000454,Furniture,Chairs,"Hon Deluxe Fabric Upholstered Stacking Chairs, Rounded Back",731.94,2017-11
4,US-2016-108966,2016-10-11,2016-10-18,Standard Class,SO-20335,Sean O'Donnell,Consumer,United States,Fort Lauderdale,Florida,33311.0,South,FUR-TA-10000577,Furniture,Tables,Bretford CR4500 Series Slim Rectangular Table,957.5775,2016-10
8,CA-2015-115812,2015-06-09,2015-06-14,Standard Class,BH-11710,Brosina Hoffman,Consumer,United States,Los Angeles,California,90032.0,West,TEC-PH-10002275,Technology,Phones,Mitel 5320 IP Phone VoIP phone,907.152,2015-06
11,CA-2015-115812,2015-06-09,2015-06-14,Standard Class,BH-11710,Brosina Hoffman,Consumer,United States,Los Angeles,California,90032.0,West,FUR-TA-10001539,Furniture,Tables,Chromcraft Rectangular Conference Tables,1706.184,2015-06
12,CA-2015-115812,2015-06-09,2015-06-14,Standard Class,BH-11710,Brosina Hoffman,Consumer,United States,Los Angeles,California,90032.0,West,TEC-PH-10002033,Technology,Phones,Konftel 250 Conference phone - Charcoal black,911.424,2015-06
17,CA-2015-105893,2015-11-11,2015-11-18,Standard Class,PK-19075,Pete Kriz,Consumer,United States,Madison,Wisconsin,53711.0,Central,OFF-ST-10004186,Office Supplies,Storage,"Stur-D-Stor Shelving, Vertical 5-Shelf: 72""H x 36""W x 18 1/2""D",665.88,2015-11
25,CA-2016-106320,2016-09-25,2016-09-30,Standard Class,EB-13870,Emily Burns,Consumer,United States,Orem,Utah,84057.0,West,FUR-TA-10000577,Furniture,Tables,Bretford CR4500 Series Slim Rectangular Table,1044.63,2016-09
28,US-2016-150630,2016-09-17,2016-09-21,Standard Class,TB-21520,Tracy Blumstein,Consumer,United States,Philadelphia,Pennsylvania,19140.0,East,FUR-BO-10004834,Furniture,Bookcases,"Riverside Palais Royal Lawyers Bookcase, Royale Cherry Finish",3083.43,2016-09
36,CA-2017-117590,2017-12-08,2017-12-10,First Class,GH-14485,Gene Hale,Corporate,United States,Richardson,Texas,75080.0,Central,TEC-PH-10004977,Technology,Phones,GE 30524EE4,1097.544,2017-12
39,CA-2016-117415,2016-12-27,2016-12-31,Standard Class,SN-20710,Steve Nguyen,Home Office,United States,Houston,Texas,77041.0,Central,FUR-BO-10002545,Furniture,Bookcases,"Atlantic Metals Mobile 3-Shelf Bookcases, Custom Colors",532.3992,2016-12
55,CA-2017-105816,2017-12-11,2017-12-17,Standard Class,JM-15265,Janet Molinari,Corporate,United States,New York City,New York,10024.0,East,TEC-PH-10002447,Technology,Phones,AT&T CL83451 4-Handset Telephone,1029.95,2017-12
68,CA-2015-106376,2015-12-05,2015-12-10,Standard Class,BS-11590,Brendan Sweed,Corporate,United States,Gilbert,Arizona,85234.0,West,OFF-AR-10002671,Office Supplies,Art,"Hunt BOSTON Model 1606 High-Volume Electric Pencil Sharpener, Beige",1113.024,2015-12
73,US-2016-134026,2016-04-26,2016-05-02,Standard Class,JE-15745,Joel Eaton,Consumer,United States,Memphis,Tennessee,38109.0,South,FUR-CH-10000513,Furniture,Chairs,High-Back Leather Manager's Chair,831.936,2016-04
118,CA-2016-110457,2016-03-02,2016-03-06,Standard Class,DK-13090,Dave Kipp,Consumer,United States,Seattle,Washington,98103.0,West,FUR-TA-10001768,Furniture,Tables,Hon Racetrack Conference Tables,787.53,2016-03
125,US-2015-152030,2015-12-26,2015-12-28,Second Class,AD-10180,Alan Dominguez,Home Office,United States,Houston,Texas,77041.0,Central,FUR-CH-10004063,Furniture,Chairs,Global Deluxe High-Back Manager's Chair,600.558,2015-12
126,US-2015-134614,2015-09-20,2015-09-25,Standard Class,PF-19165,Philip Fox,Consumer,United States,Bloomington,Illinois,61701.0,Central,FUR-TA-10004534,Furniture,Tables,Bevis 44 x 96 Conference Tables,617.7,2015-09
145,CA-2018-155376,2018-12-22,2018-12-27,Standard Class,SG-20080,Sandra Glassco,Consumer,United States,Independence,Missouri,64055.0,Central,OFF-AP-10001058,Office Supplies,Appliances,Sanyo 2.5 Cubic Foot Mid-Size Office Refrigerators,839.43,2018-12
146,CA-2016-110744,2016-09-07,2016-09-12,Standard Class,HA-14920,Helen Andreada,Consumer,United States,Pasadena,California,91104.0,West,OFF-ST-10003656,Office Supplies,Storage,Safco Industrial Wire Shelving,671.93,2016-09
150,CA-2017-114489,2017-12-05,2017-12-09,Standard Class,JE-16165,Justin Ellison,Corporate,United States,Franklin,Wisconsin,53132.0,Central,FUR-CH-10000454,Furniture,Chairs,"Hon Deluxe Fabric Upholstered Stacking Chairs, Rounded Back",1951.84,2017-12
160,CA-2017-114104,2017-11-20,2017-11-24,Standard Class,NP-18670,Nora Paige,Consumer,United States,Edmond,Oklahoma,73034.0,Central,TEC-PH-10004536,Technology,Phones,Avaya 5420 Digital phone,944.93,2017-11
166,CA-2015-139892,2015-09-08,2015-09-12,Standard Class,BM-11140,Becky Martin,Consumer,United States,San Antonio,Texas,78207.0,Central,TEC-MA-10000822,Technology,Machines,Lexmark MX611dhe Monochrome Laser Printer,8159.952,2015-09
168,CA-2015-139892,2015-09-08,2015-09-12,Standard Class,BM-11140,Becky Martin,Consumer,United States,San Antonio,Texas,78207.0,Central,FUR-CH-10004287,Furniture,Chairs,SAFCO Arco Folding Chair,1740.06,2015-09
183,CA-2015-158274,2015-11-19,2015-11-24,Second Class,RM-19675,Robert Marley,Home Office,United States,Monroe,Louisiana,71203.0,South,TEC-PH-10003273,Technology,Phones,AT&T TR1909W,503.96,2015-11
190,CA-2016-102281,2016-10-12,2016-10-14,First Class,MP-17470,Mark Packer,Home Office,United States,New York City,New York,10035.0,East,FUR-BO-10002613,Furniture,Bookcases,"Atlantic Metals Mobile 4-Shelf Bookcases, Custom Colors",899.136,2016-10
193,CA-2016-102281,2016-10-12,2016-10-14,First Class,MP-17470,Mark Packer,Home Office,United States,New York City,New York,10035.0,East,FUR-BO-10002545,Furniture,Bookcases,"Atlantic Metals Mobile 3-Shelf Bookcases, Custom Colors",626.352,2016-10
216,CA-2016-146262,2016-01-02,2016-01-09,Standard Class,VW-21775,Victoria Wilson,Corporate,United States,Medina,Ohio,44256.0,East,TEC-MA-10000864,Technology,Machines,Cisco 9971 IP Video Phone Charcoal,1188.0,2016-01
227,CA-2016-163055,2016-08-09,2016-08-16,Standard Class,DS-13180,David Smith,Corporate,United States,Detroit,Michigan,48227.0,Central,FUR-TA-10003748,Furniture,Tables,Bevis 36 x 72 Conference Tables,622.45,2016-08
233,US-2018-100930,2018-04-07,2018-04-12,Standard Class,CS-12400,Christopher Schild,Home Office,United States,Tampa,Florida,33614.0,South,FUR-TA-10003473,Furniture,Tables,Bretford Rectangular Conference Table Tops,620.6145,2018-04
236,US-2018-100930,2018-04-07,2018-04-12,Standard Class,CS-12400,Christopher Schild,Home Office,United States,Tampa,Florida,33614.0,South,TEC-AC-10003832,Technology,Accessories,Logitech P710e Mobile Speakerphone,617.976,2018-04
245,CA-2015-131926,2015-06-01,2015-06-06,Second Class,DW-13480,Dianna Wilson,Home Office,United States,Lakeville,Minnesota,55044.0,Central,FUR-CH-10004063,Furniture,Chairs,Global Deluxe High-Back Manager's Chair,2001.86,2015-06
248,CA-2015-131926,2015-06-01,2015-06-06,Second Class,DW-13480,Dianna Wilson,Home Office,United States,Lakeville,Minnesota,55044.0,Central,OFF-AP-10002945,Office Supplies,Appliances,Honeywell Enviracaire Portable HEPA Air Cleaner for 17' x 22' Room,1503.25,2015-06
252,CA-2017-145625,2017-09-11,2017-09-17,Standard Class,KC-16540,Kelly Collister,Consumer,United States,San Diego,California,92037.0,West,TEC-AC-10003832,Technology,Accessories,Logitech P710e Mobile Speakerphone,3347.37,2017-09
258,US-2016-159982,2016-11-28,2016-12-04,Standard Class,DR-12880,Dan Reichenbach,Corporate,United States,Chicago,Illinois,60623.0,Central,TEC-PH-10001580,Technology,Phones,Logitech Mobile Speakerphone P710e - speaker phone,647.904,2016-11
263,US-2015-106992,2015-09-19,2015-09-21,Second Class,SB-20290,Sean Braxton,Corporate,United States,Houston,Texas,77036.0,Central,TEC-MA-10000822,Technology,Machines,Lexmark MX611dhe Monochrome Laser Printer,3059.982,2015-09
264,US-2015-106992,2015-09-19,2015-09-21,Second Class,SB-20290,Sean Braxton,Corporate,United States,Houston,Texas,77036.0,Central,TEC-MA-10003353,Technology,Machines,Xerox WorkCentre 6505DN Laser Multifunction Printer,2519.958,2015-09
271,CA-2018-163979,2018-12-28,2019-01-02,Second Class,KH-16690,Kristen Hastings,Corporate,United States,San Francisco,California,94110.0,West,OFF-ST-10003208,Office Supplies,Storage,Adjustable Depth Letter/Legal Cart,725.84,2018-12
282,US-2016-161991,2016-09-26,2016-09-28,Second Class,SC-20725,Steven Cartwright,Consumer,United States,Houston,Texas,77070.0,Central,TEC-PH-10001760,Technology,Phones,Bose SoundLink Bluetooth Speaker,1114.4,2016-09
283,CA-2016-130890,2016-11-02,2016-11-06,Standard Class,JO-15280,Jas O'Carroll,Consumer,United States,Los Angeles,California,90004.0,West,FUR-TA-10002903,Furniture,Tables,"Bevis Round Bullnose 29"" High Table Top",1038.84,2016-11
289,CA-2017-112697,2017-12-18,2017-12-20,Second Class,AH-10195,Alan Haines,Corporate,United States,Tamarac,Florida,33319.0,South,OFF-SU-10000646,Office Supplies,Supplies,Premier Automatic Letter Opener,961.48,2017-12
300,CA-2017-142545,2017-10-28,2017-11-03,Standard Class,JD-15895,Jonathan Doherty,Corporate,United States,Belleville,New Jersey,7109.0,East,OFF-ST-10002756,Office Supplies,Storage,"Tennsco Stur-D-Stor Boltless Shelving, 5 Shelves, 24"" Deep, Sand",1082.48,2017-10
319,CA-2015-164973,2015-11-04,2015-11-09,Standard Class,NM-18445,Nathan Mautz,Home Office,United States,New York City,New York,10024.0,East,TEC-MA-10002927,Technology,Machines,Canon imageCLASS MF7460 Monochrome Digital Laser Multifunction Copier,3991.98,2015-11
329,US-2017-141544,2017-08-30,2017-09-01,First Class,PO-18850,Patrick O'Brill,Consumer,United States,Philadelphia,Pennsylvania,19143.0,East,FUR-CH-10003312,Furniture,Chairs,Hon 2090 “Pillow Soft” Series Mid Back Swivel/Tilt Chairs,786.744,2017-08
336,CA-2016-137946,2016-09-01,2016-09-04,Second Class,DB-13615,Doug Bickford,Consumer,United States,Los Angeles,California,90045.0,West,TEC-CO-10001449,Technology,Copiers,Hewlett Packard LaserJet 3310 Copier,959.984,2016-09
339,CA-2015-129924,2015-07-12,2015-07-17,Standard Class,AC-10420,Alyssa Crouse,Corporate,United States,San Francisco,California,94122.0,West,FUR-TA-10004575,Furniture,Tables,Hon 5100 Series Wood Tables,698.352,2015-07
342,CA-2015-122336,2015-04-13,2015-04-17,Second Class,JD-15895,Jonathan Doherty,Corporate,United States,Philadelphia,Pennsylvania,19140.0,East,OFF-BI-10003656,Office Supplies,Binders,Fellowes PB200 Plastic Comb Binding Machine,509.97,2015-04
354,CA-2017-129714,2017-09-01,2017-09-03,First Class,AB-10060,Adam Bellavance,Home Office,United States,New York City,New York,10009.0,East,OFF-BI-10004995,Office Supplies,Binders,GBC DocuBind P400 Electric Binding System,4355.168,2017-09
360,CA-2018-155698,2018-03-08,2018-03-11,First Class,VB-21745,Victoria Brennan,Corporate,United States,Columbus,Georgia,31907.0,South,OFF-AP-10001124,Office Supplies,Appliances,Belkin 8 Outlet SurgeMaster II Gold Surge Protector with Phone Protection,647.84,2018-03
370,CA-2017-155516,2017-10-21,2017-10-21,Same Day,MK-17905,Michael Kennedy,Corporate,United States,Manchester,Connecticut,6040.0,East,FUR-BO-10002545,Furniture,Bookcases,"Atlantic Metals Mobile 3-Shelf Bookcases, Custom Colors",1043.92,2017-10
374,US-2015-119137,2015-07-23,2015-07-27,Standard Class,AG-10900,Arthur Gainer,Consumer,United States,Tucson,Arizona,85705.0,West,TEC-AC-10003911,Technology,Accessories,NETGEAR AC1750 Dual Band Gigabit Smart WiFi Router,1023.936,2015-07
378,US-2018-134481,2018-08-27,2018-09-01,Standard Class,AR-10405,Allen Rosenblatt,Corporate,United States,Franklin,Massachusetts,2038.0,East,FUR-TA-10004915,Furniture,Tables,"Office Impressions End Table, 20-1/2""H x 24""W x 20""D",1488.424,2018-08
393,US-2015-135972,2015-09-21,2015-09-23,Second Class,JG-15115,Jack Garza,Consumer,United States,Des Moines,Washington,98198.0,West,TEC-CO-10002313,Technology,Copiers,Canon PC1080F Personal Copier,1799.97,2015-09
400,CA-2017-108987,2017-09-08,2017-09-10,Second Class,AG-10675,Anna Gayman,Consumer,United States,Houston,Texas,77036.0,Central,FUR-BO-10004834,Furniture,Bookcases,"Riverside Palais Royal Lawyers Bookcase, Royale Cherry Finish",2396.2656,2017-09
407,CA-2018-117457,2018-12-08,2018-12-12,Standard Class,KH-16510,Keith Herrera,Consumer,United States,San Francisco,California,94110.0,West,TEC-CO-10004115,Technology,Copiers,Sharp AL-1530CS Digital Copier,1199.976,2018-12
409,CA-2018-117457,2018-12-08,2018-12-12,Standard Class,KH-16510,Keith Herrera,Consumer,United States,San Francisco,California,94110.0,West,FUR-TA-10002041,Furniture,Tables,"Bevis Round Conference Table Top, X-Base",1004.024,2018-12
413,CA-2018-117457,2018-12-08,2018-12-12,Standard Class,KH-16510,Keith Herrera,Consumer,United States,San Francisco,California,94110.0,West,FUR-BO-10001972,Furniture,Bookcases,O'Sullivan 4-Shelf Bookcase in Odessa Pine,1336.829,2018-12
425,CA-2018-155705,2018-08-21,2018-08-23,Second Class,NF-18385,Natalie Fritzler,Consumer,United States,Jackson,Mississippi,39212.0,South,FUR-CH-10000015,Furniture,Chairs,Hon Multipurpose Stacking Arm Chairs,866.4,2018-08
434,CA-2017-127369,2017-06-06,2017-06-07,First Class,DB-13060,Dave Brooks,Consumer,United States,Lowell,Massachusetts,1852.0,East,OFF-ST-10003306,Office Supplies,Storage,Letter Size Cart,714.3,2017-06
437,CA-2017-147375,2017-06-12,2017-06-14,Second Class,PO-19180,Philisse Overcash,Home Office,United States,Chicago,Illinois,60623.0,Central,TEC-MA-10002937,Technology,Machines,"Canon Color ImageCLASS MF8580Cdw Wireless Laser All-In-One Printer, Copier, Scanner",1007.979,2017-06
455,CA-2018-147277,2018-10-20,2018-10-24,Standard Class,EB-13705,Ed Braxton,Corporate,United States,Akron,Ohio,44312.0,East,OFF-ST-10000142,Office Supplies,Storage,Deluxe Rollaway Locking File with Drawer,665.408,2018-10
458,US-2017-157945,2017-09-26,2017-10-01,Standard Class,NF-18385,Natalie Fritzler,Consumer,United States,Decatur,Illinois,62521.0,Central,FUR-CH-10002331,Furniture,Chairs,Hon 4700 Series Mobuis Mid-Back Task Chairs with Adjustable Arms,747.558,2017-09
461,CA-2016-109638,2016-12-15,2016-12-22,Standard Class,JH-15985,Joseph Holt,Consumer,United States,Seattle,Washington,98115.0,West,TEC-AC-10004571,Technology,Accessories,Logitech G700s Rechargeable Gaming Mouse,899.91,2016-12
464,CA-2017-109869,2017-04-22,2017-04-29,Standard Class,TN-21040,Tanja Norvell,Home Office,United States,Phoenix,Arizona,85023.0,West,FUR-TA-10001889,Furniture,Tables,Bush Advantage Collection Racetrack Conference Table,1272.63,2017-04
474,CA-2015-144666,2015-11-09,2015-11-11,Second Class,JP-15520,Jeremy Pistek,Consumer,United States,San Francisco,California,94110.0,West,TEC-PH-10002680,Technology,Phones,Samsung Galaxy Note 3,703.968,2015-11
481,CA-2017-100790,2017-06-26,2017-07-02,Standard Class,JG-15805,John Grady,Corporate,United States,New York City,New York,10024.0,East,OFF-ST-10000689,Office Supplies,Storage,"Fellowes Strictly Business Drawer File, Letter/Legal Size",704.25,2017-06
486,CA-2018-140963,2018-06-10,2018-06-13,First Class,MT-18070,Michelle Tran,Home Office,United States,Los Angeles,California,90045.0,West,FUR-BO-10001337,Furniture,Bookcases,O'Sullivan Living Dimensions 2-Shelf Bookcases,514.165,2018-06
488,CA-2015-154627,2015-10-29,2015-10-31,First Class,SA-20830,Sue Ann Reed,Consumer,United States,Chicago,Illinois,60610.0,Central,TEC-PH-10001363,Technology,Phones,Apple iPhone 5S,2735.952,2015-10
503,US-2017-105578,2017-05-30,2017-06-04,Standard Class,MY-17380,Maribeth Yedwab,Corporate,United States,Parker,Colorado,80134.0,West,FUR-CH-10001215,Furniture,Chairs,Global Troy Executive Leather Low-Back Tilter,801.568,2017-05
510,CA-2016-145352,2016-03-16,2016-03-22,Standard Class,CM-12385,Christopher Martinez,Consumer,United States,Atlanta,Georgia,30318.0,South,OFF-BI-10003527,Office Supplies,Binders,Fellowes PB500 Electric Punch Plastic Comb Binding Machine with Manual Bind,6354.95,2016-03
516,CA-2018-127432,2018-01-22,2018-01-27,Standard Class,AD-10180,Alan Dominguez,Home Office,United States,Great Falls,Montana,59405.0,West,TEC-CO-10003236,Technology,Copiers,Canon Image Class D660 Copier,2999.95,2018-01
519,CA-2018-127432,2018-01-22,2018-01-27,Standard Class,AD-10180,Alan Dominguez,Home Office,United States,Great Falls,Montana,59405.0,West,OFF-ST-10004459,Office Supplies,Storage,Tennsco Single-Tier Lockers,1126.02,2018-01
527,CA-2018-113558,2018-10-21,2018-10-26,Standard Class,PH-18790,Patricia Hirasaki,Home Office,United States,Lakeland,Florida,33801.0,South,FUR-CH-10003379,Furniture,Chairs,Global Commerce Series High-Back Swivel/Tilt Chairs,683.952,2018-10
530,US-2016-138303,2016-09-03,2016-09-07,Standard Class,MG-18145,Mike Gockenbach,Consumer,United States,Philadelphia,Pennsylvania,19134.0,East,OFF-SU-10002881,Office Supplies,Supplies,Martin Yale Chadless Opener Electric Letter Opener,666.248,2016-09
534,CA-2017-168753,2017-05-29,2017-06-01,Second Class,RL-19615,Rob Lucas,Consumer,United States,Montgomery,Alabama,36116.0,South,TEC-PH-10000984,Technology,Phones,Panasonic KX-TG9471B,979.95,2017-05
543,US-2016-120161,2016-12-18,2016-12-23,Standard Class,LM-17065,Liz MacKendrick,Consumer,United States,Springfield,Ohio,45503.0,East,OFF-ST-10001809,Office Supplies,Storage,Fellowes Officeware Wire Shelving,646.776,2016-12
552,CA-2017-136406,2017-04-15,2017-04-17,Second Class,BD-11320,Bill Donatelli,Consumer,United States,San Francisco,California,94110.0,West,FUR-CH-10002024,Furniture,Chairs,HON 5400 Series Task Chairs for Big and Tall,1121.568,2017-04
555,CA-2018-100650,2018-06-29,2018-07-03,Second Class,DK-13225,Dean Katz,Corporate,United States,Anaheim,California,92804.0,West,OFF-ST-10001780,Office Supplies,Storage,Tennsco 16-Compartment Lockers with Coat Rack,1295.78,2018-06
558,CA-2017-113243,2017-06-10,2017-06-15,Standard Class,OT-18730,Olvera Toch,Consumer,United States,Los Angeles,California,90045.0,West,FUR-TA-10004256,Furniture,Tables,Bretford “Just In Time” Height-Adjustable Multi-Task Work Tables,1335.68,2017-06
596,CA-2015-131450,2015-08-08,2015-08-15,Standard Class,LR-16915,Lena Radford,Consumer,United States,San Diego,California,92024.0,West,TEC-CO-10004115,Technology,Copiers,Sharp AL-1530CS Digital Copier,1199.976,2015-08
614,CA-2017-121223,2017-09-11,2017-09-13,Second Class,GD-14590,Giulietta Dortch,Corporate,United States,Philadelphia,Pennsylvania,19143.0,East,TEC-PH-10004667,Technology,Phones,Cisco 8x8 Inc. 6753i IP Business Phone System,728.946,2017-09
624,CA-2016-138009,2016-11-29,2016-12-03,Standard Class,SF-20965,Sylvia Foulston,Corporate,United States,Dearborn,Michigan,48126.0,Central,OFF-AP-10000179,Office Supplies,Appliances,Honeywell Enviracaire Portable HEPA Air Cleaner for up to 10 x 16 Room,555.21,2016-11
625,CA-2016-138009,2016-11-29,2016-12-03,Standard Class,SF-20965,Sylvia Foulston,Corporate,United States,Dearborn,Michigan,48126.0,Central,OFF-ST-10001272,Office Supplies,Storage,"Mini 13-1/2 Capacity Data Binder Rack, Pearl",523.48,2016-11
639,CA-2017-115917,2017-05-20,2017-05-25,Standard Class,RB-19465,Rick Bensley,Home Office,United States,Vallejo,California,94591.0,West,FUR-FU-10000576,Furniture,Furnishings,Luxo Professional Fluorescent Magnifier Lamp with Clamp-Mount Base,1049.2,2017-05
658,US-2017-156097,2017-09-19,2017-09-19,Same Day,EH-14125,Eugene Hildebrand,Home Office,United States,Aurora,Illinois,60505.0,Central,FUR-CH-10001215,Furniture,Chairs,Global Troy Executive Leather Low-Back Tilter,701.372,2017-09
660,CA-2016-146563,2016-08-24,2016-08-28,Standard Class,CB-12025,Cassandra Brandow,Consumer,United States,Arlington,Texas,76017.0,Central,OFF-ST-10001490,Office Supplies,Storage,"Hot File 7-Pocket, Floor Stand",999.432,2016-08
661,CA-2016-146563,2016-08-24,2016-08-28,Standard Class,CB-12025,Cassandra Brandow,Consumer,United States,Arlington,Texas,76017.0,Central,OFF-ST-10001511,Office Supplies,Storage,Space Solutions Commercial Steel Shelving,724.08,2016-08
662,CA-2016-146563,2016-08-24,2016-08-28,Standard Class,CB-12025,Cassandra Brandow,Consumer,United States,Arlington,Texas,76017.0,Central,FUR-TA-10001768,Furniture,Tables,Hon Racetrack Conference Tables,918.785,2016-08
684,US-2018-168116,2018-11-04,2018-11-04,Same Day,GT-14635,Grant Thornton,Corporate,United States,Burlington,North Carolina,27217.0,South,TEC-MA-10004125,Technology,Machines,Cubify CubeX 3D Printer Triple Head Print,7999.98,2018-11
709,CA-2015-112158,2015-12-02,2015-12-04,First Class,DP-13165,David Philippe,Consumer,United States,New York City,New York,10035.0,East,FUR-BO-10003272,Furniture,Bookcases,O'Sullivan Living Dimensions 5-Shelf Bookcases,883.92,2015-12
722,CA-2017-142335,2017-12-15,2017-12-19,Standard Class,MP-17965,Michael Paige,Corporate,United States,Detroit,Michigan,48205.0,Central,FUR-TA-10000198,Furniture,Tables,Chromcraft Bull-Nose Wood Oval Conference Tables & Bases,1652.94,2017-12
731,US-2017-150861,2017-12-03,2017-12-06,First Class,EG-13900,Emily Grady,Consumer,United States,Oceanside,New York,11572.0,East,FUR-CH-10002965,Furniture,Chairs,"Global Leather Highback Executive Chair with Pneumatic Height Adjustment, Black",542.646,2017-12
747,CA-2015-124429,2015-05-27,2015-05-27,Same Day,MH-17785,Maya Herman,Corporate,United States,San Diego,California,92105.0,West,FUR-TA-10002607,Furniture,Tables,KI Conference Tables,567.12,2015-05
754,CA-2017-110499,2017-04-07,2017-04-09,First Class,YC-21895,Yoseph Carroll,Corporate,United States,San Francisco,California,94110.0,West,TEC-CO-10002095,Technology,Copiers,Hewlett Packard 610 Color Digital Copier / Printer,1199.976,2017-04
766,CA-2015-162775,2015-01-13,2015-01-15,Second Class,CS-12250,Chris Selesnick,Corporate,United States,Bossier City,Louisiana,71111.0,South,TEC-AC-10003174,Technology,Accessories,Plantronics S12 Corded Telephone Headset System,646.74,2015-01
768,CA-2015-162775,2015-01-13,2015-01-15,Second Class,CS-12250,Chris Selesnick,Corporate,United States,Bossier City,Louisiana,71111.0,South,OFF-ST-10000025,Office Supplies,Storage,Fellowes Stor/Drawer Steel Plus Storage Drawers,572.58,2015-01
770,CA-2017-157245,2017-05-19,2017-05-24,Standard Class,LE-16810,Laurel Elliston,Consumer,United States,Arlington,Virginia,22204.0,South,FUR-CH-10003746,Furniture,Chairs,Hon 4070 Series Pagoda Round Back Stacking Chairs,641.96,2017-05
778,CA-2016-144267,2016-08-21,2016-08-23,First Class,NZ-18565,Nick Zandusky,Home Office,United States,San Francisco,California,94110.0,West,FUR-CH-10002335,Furniture,Chairs,Hon GuestStacker Chair,544.008,2016-08
793,CA-2017-105256,2017-05-20,2017-05-20,Same Day,JK-15730,Joe Kamberova,Consumer,United States,Asheville,North Carolina,28806.0,South,TEC-PH-10001530,Technology,Phones,Cisco Unified IP Phone 7945G VoIP phone,1363.96,2017-05
807,CA-2015-134313,2015-11-01,2015-11-07,Standard Class,RA-19915,Russell Applegate,Consumer,United States,Denver,Colorado,80219.0,West,TEC-PH-10001795,Technology,Phones,ClearOne CHATAttach 160 - speaker phone,1983.968,2015-11
811,CA-2015-151995,2015-10-13,2015-10-15,First Class,ZC-21910,Zuschuss Carroll,Consumer,United States,Edmonds,Washington,98026.0,West,FUR-TA-10002903,Furniture,Tables,"Bevis Round Bullnose 29"" High Table Top",1298.55,2015-10
815,CA-2018-143686,2018-05-14,2018-05-14,Same Day,PJ-19015,Pauline Johnson,Consumer,United States,Santa Ana,California,92704.0,West,TEC-AC-10001838,Technology,Accessories,Razer Tiamat Over Ear 7.1 Surround Sound PC Gaming Headset,1399.93,2018-05
820,CA-2015-140858,2015-06-28,2015-07-02,Standard Class,CA-12775,Cynthia Arntzen,Consumer,United States,Philadelphia,Pennsylvania,19140.0,East,FUR-CH-10001394,Furniture,Chairs,Global Leather Executive Chair,1228.465,2015-06
870,CA-2017-158099,2017-09-03,2017-09-05,First Class,PK-18910,Paul Knutson,Home Office,United States,Philadelphia,Pennsylvania,19143.0,East,OFF-BI-10000545,Office Supplies,Binders,GBC Ibimaster 500 Manual ProClick Binding System,1141.47,2017-09
881,CA-2018-111689,2018-11-30,2018-12-02,Second Class,HP-14815,Harold Pawlan,Home Office,United States,New York City,New York,10024.0,East,FUR-CH-10004287,Furniture,Chairs,SAFCO Arco Folding Chair,1242.9,2018-11
894,CA-2018-133256,2018-06-26,2018-06-27,First Class,TH-21550,Tracy Hopkins,Home Office,United States,Detroit,Michigan,48227.0,Central,TEC-PH-10002660,Technology,Phones,Nortel Networks T7316 E Nt8 B27,543.92,2018-06
910,CA-2018-137596,2018-09-02,2018-09-07,Standard Class,BE-11335,Bill Eplett,Home Office,United States,Jackson,Michigan,49201.0,Central,TEC-PH-10001494,Technology,Phones,Polycom CX600 IP Phone VoIP phone,1199.8,2018-09
911,CA-2018-137596,2018-09-02,2018-09-07,Standard Class,BE-11335,Bill Eplett,Home Office,United States,Jackson,Michigan,49201.0,Central,TEC-AC-10004666,Technology,Accessories,Maxell iVDR EX 500GB Cartridge,1928.78,2018-09
917,US-2015-141215,2015-06-15,2015-06-21,Standard Class,KL-16555,Kelly Lampkin,Corporate,United States,San Antonio,Texas,78207.0,Central,FUR-CH-10003379,Furniture,Chairs,Global Commerce Series High-Back Swivel/Tilt Chairs,797.944,2015-06
925,CA-2017-149797,2017-09-15,2017-09-20,Standard Class,AH-10075,Adam Hart,Corporate,United States,New York City,New York,10011.0,East,OFF-BI-10003650,Office Supplies,Binders,GBC DocuBind 300 Electric Binding Machine,841.568,2017-09
943,CA-2017-142958,2017-12-13,2017-12-20,Standard Class,RW-19630,Rob Williams,Corporate,United States,Torrance,California,90503.0,West,FUR-TA-10000577,Furniture,Tables,Bretford CR4500 Series Slim Rectangular Table,1114.272,2017-12
945,CA-2016-120880,2016-05-29,2016-06-03,Standard Class,JL-15850,John Lucas,Consumer,United States,Seattle,Washington,98105.0,West,OFF-ST-10001496,Office Supplies,Storage,Standard Rollaway File with Lock,540.57,2016-05
948,US-2018-110576,2018-11-28,2018-12-02,Standard Class,RB-19795,Ross Baird,Home Office,United States,Philadelphia,Pennsylvania,19120.0,East,FUR-FU-10003601,Furniture,Furnishings,"Deflect-o RollaMat Studded, Beveled Mat for Medium Pile Carpeting",516.488,2018-11
949,US-2018-110576,2018-11-28,2018-12-02,Standard Class,RB-19795,Ross Baird,Home Office,United States,Philadelphia,Pennsylvania,19120.0,East,FUR-FU-10000576,Furniture,Furnishings,Luxo Professional Fluorescent Magnifier Lamp with Clamp-Mount Base,1007.232,2018-11
950,US-2018-110576,2018-11-28,2018-12-02,Standard Class,RB-19795,Ross Baird,Home Office,United States,Philadelphia,Pennsylvania,19120.0,East,FUR-TA-10004154,Furniture,Tables,"Riverside Furniture Oval Coffee Table, Oval End Table, End Table with Drawer",2065.32,2018-11
970,CA-2018-135279,2018-04-09,2018-04-11,First Class,BS-11800,Bryan Spruell,Home Office,United States,New York City,New York,10011.0,East,OFF-ST-10001097,Office Supplies,Storage,Office Impressions Heavy Duty Welded Shelving & Multimedia Storage Drawers,501.81,2018-04
978,CA-2018-159366,2018-01-07,2018-01-10,First Class,BW-11110,Bart Watters,Corporate,United States,Detroit,Michigan,48205.0,Central,TEC-MA-10000822,Technology,Machines,Lexmark MX611dhe Monochrome Laser Printer,3059.982,2018-01
981,CA-2017-144939,2017-10-03,2017-10-08,Standard Class,EB-13870,Emily Burns,Consumer,United States,New York City,New York,10035.0,East,FUR-CH-10003199,Furniture,Chairs,Office Star - Contemporary Task Swivel Chair,599.292,2017-10
983,CA-2015-163419,2015-11-11,2015-11-14,Second Class,TZ-21580,Tracy Zic,Consumer,United States,Louisville,Colorado,80027.0,West,TEC-PH-10000560,Technology,Phones,Samsung Galaxy S III - 16GB - pebble blue (T-Mobile),559.984,2015-11
984,CA-2015-163419,2015-11-11,2015-11-14,Second Class,TZ-21580,Tracy Zic,Consumer,United States,Louisville,Colorado,80027.0,West,FUR-CH-10000665,Furniture,Chairs,"Global Airflow Leather Mesh Back Chair, Black",603.92,2015-11
989,CA-2018-167899,2018-05-21,2018-05-26,Standard Class,JG-15805,John Grady,Corporate,United States,Auburn,New York,13021.0,East,FUR-FU-10004071,Furniture,Furnishings,Luxo Professional Magnifying Clamp-On Fluorescent Lamps,520.05,2018-05
991,CA-2016-153549,2016-03-29,2016-03-31,Second Class,SL-20155,Sara Luxemburg,Home Office,United States,Jacksonville,Florida,32216.0,South,FUR-CH-10004086,Furniture,Chairs,Hon 4070 Series Pagoda Armless Upholstered Stacking Chairs,1166.92,2016-03
995,CA-2015-117639,2015-05-21,2015-05-25,Standard Class,MW-18235,Mitch Willingham,Corporate,United States,Virginia Beach,Virginia,23464.0,South,OFF-BI-10003925,Office Supplies,Binders,Fellowes PB300 Plastic Comb Binding Machine,2715.93,2015-05
996,CA-2015-117639,2015-05-21,2015-05-25,Standard Class,MW-18235,Mitch Willingham,Corporate,United States,Virginia Beach,Virginia,23464.0,South,TEC-PH-10001530,Technology,Phones,Plantronics Voyager Pro Legend,617.97,2015-05
1002,CA-2016-124891,2016-07-31,2016-07-31,Same Day,RH-19495,Rick Hansen,Consumer,United States,New York City,New York,10024.0,East,TEC-AC-10003033,Technology,Accessories,Plantronics CS510 - Over-the-Head monaural Wireless Headset System,2309.65,2016-07
1003,CA-2016-124891,2016-07-31,2016-07-31,Same Day,RH-19495,Rick Hansen,Consumer,United States,New York City,New York,10024.0,East,FUR-TA-10002903,Furniture,Tables,"Bevis Round Bullnose 29"" High Table Top",1090.782,2016-07
1014,US-2016-126214,2016-12-21,2016-12-24,Second Class,JS-15880,John Stevenson,Consumer,United States,Seattle,Washington,98103.0,West,FUR-TA-10003748,Furniture,Tables,Bevis 36 x 72 Conference Tables,1618.37,2016-12
1020,CA-2016-108665,2016-07-06,2016-07-10,Standard Class,KM-16225,Kalyca Meade,Corporate,United States,New York City,New York,10011.0,East,OFF-ST-10001526,Office Supplies,Storage,Iceberg Mobile Mega Data/Printer Cart,601.65,2016-07
1022,CA-2016-124450,2016-04-27,2016-05-03,Standard Class,GT-14710,Greg Tran,Consumer,United States,Washington,District of Columbia,20016.0,East,FUR-CH-10000309,Furniture,Chairs,Global Comet Stacking Arm Chair,1267.53,2016-04
1023,CA-2016-124450,2016-04-27,2016-05-03,Standard Class,GT-14710,Greg Tran,Consumer,United States,Washington,District of Columbia,20016.0,East,TEC-MA-10004212,Technology,Machines,Cisco SPA525G2 5-Line IP Phone,1379.92,2016-04
1031,CA-2015-163552,2015-07-11,2015-07-15,Standard Class,LA-16780,Laura Armstrong,Corporate,United States,Hackensack,New Jersey,7601.0,East,FUR-CH-10003379,Furniture,Chairs,Global Commerce Series High-Back Swivel/Tilt Chairs,854.94,2015-07
1041,CA-2017-127670,2017-03-20,2017-03-24,Standard Class,RD-19660,Robert Dilbeck,Home Office,United States,Saint Peters,Missouri,63376.0,Central,FUR-TA-10001095,Furniture,Tables,Chromcraft Round Conference Tables,697.16,2017-03
1043,CA-2017-102981,2017-09-06,2017-09-09,Second Class,MO-17500,Mary O'Rourke,Consumer,United States,New York City,New York,10035.0,East,FUR-BO-10001811,Furniture,Bookcases,"Atlantic Metals Mobile 5-Shelf Bookcases, Custom Colors",722.352,2017-09
1047,CA-2017-169103,2017-03-08,2017-03-13,Standard Class,ZC-21910,Zuschuss Carroll,Consumer,United States,Miami,Florida,33142.0,South,TEC-PH-10001530,Technology,Phones,Cisco Unified IP Phone 7945G VoIP phone,1363.96,2017-03
1049,CA-2015-139192,2015-05-27,2015-06-01,Second Class,LC-16885,Lena Creighton,Consumer,United States,San Francisco,California,94109.0,West,TEC-PH-10000486,Technology,Phones,Plantronics HL10 Handset Lifter,1113.504,2015-05
1082,CA-2016-110016,2016-11-29,2016-12-04,Standard Class,BT-11395,Bill Tyler,Corporate,United States,Detroit,Michigan,48227.0,Central,FUR-CH-10002880,Furniture,Chairs,"Global High-Back Leather Tilter, Burgundy",1106.91,2016-11
1083,US-2017-143819,2017-03-01,2017-03-05,Standard Class,KD-16270,Karen Daniels,Consumer,United States,Yonkers,New York,10701.0,East,FUR-TA-10001095,Furniture,Tables,Chromcraft Round Conference Tables,836.592,2017-03
1086,US-2017-143819,2017-03-01,2017-03-05,Standard Class,KD-16270,Karen Daniels,Consumer,United States,Yonkers,New York,10701.0,East,TEC-MA-10003979,Technology,Machines,Ativa V4110MDD Micro-Cut Shredder,4899.93,2017-03
1119,CA-2016-142755,2016-09-04,2016-09-08,Standard Class,CS-12355,Christine Sundaresam,Consumer,United States,Roswell,Georgia,30076.0,South,TEC-AC-10002049,Technology,Accessories,Logitech G19 Programmable Gaming Keyboard,619.95,2016-09
1122,US-2015-147627,2015-01-20,2015-01-26,Standard Class,HL-15040,Hunter Lopez,Consumer,United States,Jonesboro,Arkansas,72401.0,South,TEC-PH-10001061,Technology,Phones,Apple iPhone 5C,699.93,2015-01
1127,US-2015-147627,2015-01-20,2015-01-26,Standard Class,HL-15040,Hunter Lopez,Consumer,United States,Jonesboro,Arkansas,72401.0,South,FUR-CH-10002331,Furniture,Chairs,Hon 4700 Series Mobuis Mid-Back Task Chairs with Adjustable Arms,1067.94,2015-01
1145,CA-2015-146969,2015-09-29,2015-10-03,Standard Class,AP-10915,Arthur Prichep,Consumer,United States,Los Angeles,California,90045.0,West,TEC-MA-10004241,Technology,Machines,Star Micronics TSP800 TSP847IIU Receipt Printer,686.32,2015-09
1147,CA-2016-112452,2016-04-04,2016-04-04,Same Day,NC-18340,Nat Carroll,Consumer,United States,Lansing,Michigan,48911.0,Central,OFF-AP-10003849,Office Supplies,Appliances,Hoover Shoulder Vac Commercial Portable Vacuum,644.076,2016-04
1151,CA-2016-112452,2016-04-04,2016-04-04,Same Day,NC-18340,Nat Carroll,Consumer,United States,Lansing,Michigan,48911.0,Central,TEC-CO-10004202,Technology,Copiers,Brother DCP1000 Digital 3 in 1 Multifunction Machine,599.98,2016-04
1156,CA-2015-136567,2015-12-20,2015-12-21,First Class,PS-19045,Penelope Sewall,Home Office,United States,Harrisonburg,Virginia,22801.0,South,FUR-TA-10001932,Furniture,Tables,"Chromcraft 48"" x 96"" Racetrack Double Pedestal Table",2244.48,2015-12
1181,CA-2015-128146,2015-06-21,2015-06-25,Standard Class,DB-13060,Dave Brooks,Consumer,United States,Lakewood,New Jersey,8701.0,East,TEC-PH-10004539,Technology,Phones,Wireless Extenders zBoost YX545 SOHO Signal Booster,1322.93,2015-06
1190,CA-2018-117212,2018-02-26,2018-02-28,Second Class,BT-11530,Bradley Talbott,Home Office,United States,Los Angeles,California,90036.0,West,TEC-PH-10004447,Technology,Phones,Toshiba IPT2010-SD IP Telephone,889.536,2018-02
1191,CA-2018-117212,2018-02-26,2018-02-28,Second Class,BT-11530,Bradley Talbott,Home Office,United States,Los Angeles,California,90036.0,West,FUR-CH-10003973,Furniture,Chairs,GuestStacker Chair with Chrome Finish Legs,892.224,2018-02
1200,CA-2017-130946,2017-04-08,2017-04-12,Standard Class,ZC-21910,Zuschuss Carroll,Consumer,United States,Houston,Texas,77041.0,Central,OFF-BI-10004995,Office Supplies,Binders,GBC DocuBind P400 Electric Binding System,1088.792,2017-04
1201,CA-2017-114727,2017-07-18,2017-07-24,Standard Class,LS-16945,Linda Southworth,Corporate,United States,Denver,Colorado,80219.0,West,FUR-CH-10002335,Furniture,Chairs,Hon GuestStacker Chair,544.008,2017-07
1203,CA-2017-114727,2017-07-18,2017-07-24,Standard Class,LS-16945,Linda Southworth,Corporate,United States,Denver,Colorado,80219.0,West,FUR-CH-10002331,Furniture,Chairs,Hon 4700 Series Mobuis Mid-Back Task Chairs with Adjustable Arms,854.352,2017-07
1204,CA-2017-114727,2017-07-18,2017-07-24,Standard Class,LS-16945,Linda Southworth,Corporate,United States,Denver,Colorado,80219.0,West,OFF-ST-10002292,Office Supplies,Storage,"Sauder Facets Collection Locker/File Cabinet, Sky Alder Finish",593.568,2017-07
1212,CA-2017-137050,2017-07-14,2017-07-18,Second Class,SW-20755,Steven Ward,Corporate,United States,New York City,New York,10009.0,East,FUR-BO-10004695,Furniture,Bookcases,O'Sullivan 2-Door Barrister Bookcase in Odessa Pine,579.136,2017-07
1220,US-2018-118087,2018-09-09,2018-09-13,Standard Class,SP-20620,Stefania Perrino,Corporate,United States,Philadelphia,Pennsylvania,19134.0,East,TEC-PH-10002200,Technology,Phones,Samsung Galaxy Note 2,1931.958,2018-09
1234,CA-2017-153682,2017-05-30,2017-06-01,First Class,BG-11695,Brooke Gillingham,Corporate,United States,Cincinnati,Ohio,45231.0,East,TEC-CO-10001046,Technology,Copiers,Canon Imageclass D680 Copier / Fax,839.988,2017-05
1246,CA-2015-168494,2015-12-12,2015-12-14,Second Class,NP-18700,Nora Preis,Consumer,United States,Fresno,California,93727.0,West,FUR-TA-10004619,Furniture,Tables,Hon Non-Folding Utility Tables,764.688,2015-12
1247,CA-2015-168494,2015-12-12,2015-12-14,Second Class,NP-18700,Nora Preis,Consumer,United States,Fresno,California,93727.0,West,FUR-TA-10003473,Furniture,Tables,Bretford Rectangular Conference Table Tops,3610.848,2015-12
1250,CA-2018-115602,2018-12-18,2018-12-24,Standard Class,DJ-13630,Doug Jacobs,Consumer,United States,New York City,New York,10009.0,East,FUR-CH-10001708,Furniture,Chairs,Office Star - Contemporary Swivel Chair with Padded Adjustable Arms and Flex Back,1141.938,2018-12
1251,CA-2018-115602,2018-12-18,2018-12-24,Standard Class,DJ-13630,Doug Jacobs,Consumer,United States,New York City,New York,10009.0,East,OFF-AP-10000891,Office Supplies,Appliances,Kensington 7 Outlet MasterPiece HOMEOFFICE Power Control Center,1704.56,2018-12
1253,CA-2016-154956,2016-07-04,2016-07-09,Standard Class,IM-15070,Irene Maddox,Consumer,United States,Milwaukee,Wisconsin,53209.0,Central,TEC-PH-10004165,Technology,Phones,Mitel MiVoice 5330e IP Phone,1099.96,2016-07
1259,US-2017-168620,2017-12-24,2017-12-28,Second Class,RB-19795,Ross Baird,Home Office,United States,Charlotte,North Carolina,28205.0,South,OFF-ST-10003716,Office Supplies,Storage,Tennsco Double-Tier Lockers,540.048,2017-12
1261,CA-2018-117079,2018-10-23,2018-10-27,Standard Class,JR-15700,Jocasta Rupert,Consumer,United States,Jacksonville,Florida,32216.0,South,TEC-PH-10004586,Technology,Phones,Wilson SignalBoost 841262 DB PRO Amplifier Kit,863.88,2018-10
1296,CA-2016-138898,2016-05-25,2016-05-29,Standard Class,JH-16180,Justin Hirsh,Consumer,United States,Pueblo,Colorado,81001.0,West,OFF-AP-10004487,Office Supplies,Appliances,Kensington 4 Outlet MasterPiece Compact Power Control Center,845.728,2016-05
1301,CA-2017-137043,2017-12-23,2017-12-25,Second Class,LC-17140,Logan Currie,Consumer,United States,Springfield,Virginia,22153.0,South,FUR-FU-10003664,Furniture,Furnishings,"Electrix Architect's Clamp-On Swing Arm Lamp, Black",572.76,2017-12
1317,CA-2017-145919,2017-12-18,2017-12-23,Standard Class,HG-14965,Henry Goldwyn,Corporate,United States,Los Angeles,California,90032.0,West,OFF-SU-10003505,Office Supplies,Supplies,Premier Electric Letter Opener,579.3,2017-12
1319,CA-2015-160773,2015-07-01,2015-07-05,Standard Class,LW-16825,Laurel Workman,Corporate,United States,Deltona,Florida,32725.0,South,TEC-PH-10004586,Technology,Phones,Wilson SignalBoost 841262 DB PRO Amplifier Kit,575.92,2015-07
1336,CA-2017-122133,2017-05-16,2017-05-23,Standard Class,JR-15670,Jim Radford,Consumer,United States,Middletown,Connecticut,6457.0,East,OFF-ST-10002574,Office Supplies,Storage,"SAFCO Commercial Wire Shelving, Black",552.56,2017-05
1339,CA-2018-100524,2018-03-31,2018-04-02,Second Class,CM-12115,Chad McGuire,Consumer,United States,New York City,New York,10011.0,East,TEC-PH-10002549,Technology,Phones,Polycom SoundPoint IP 450 VoIP phone,677.58,2018-03
1341,CA-2018-113481,2018-01-02,2018-01-04,First Class,AS-10045,Aaron Smayling,Corporate,United States,Jacksonville,North Carolina,28540.0,South,TEC-MA-10002178,Technology,Machines,Cisco CP-7937G Unified IP Conference Station Phone,695.7,2018-01
1368,US-2018-155425,2018-11-10,2018-11-11,First Class,AB-10600,Ann Blume,Corporate,United States,Tucson,Arizona,85705.0,West,FUR-CH-10003312,Furniture,Chairs,Hon 2090 “Pillow Soft” Series Mid Back Swivel/Tilt Chairs,899.136,2018-11
1370,US-2016-103471,2016-12-24,2016-12-28,Standard Class,JR-15670,Jim Radford,Consumer,United States,Colorado Springs,Colorado,80906.0,West,FUR-BO-10002613,Furniture,Bookcases,"Atlantic Metals Mobile 4-Shelf Bookcases, Custom Colors",590.058,2016-12
1375,CA-2016-120362,2016-09-14,2016-09-19,Standard Class,CA-12265,Christina Anderson,Consumer,United States,Provo,Utah,84604.0,West,FUR-TA-10003008,Furniture,Tables,"Lesro Round Back Collection Coffee Table, End Table",912.75,2016-09
1376,CA-2015-126361,2015-08-04,2015-08-09,Second Class,VD-21670,Valerie Dominguez,Consumer,United States,Pleasant Grove,Utah,84062.0,West,OFF-AP-10003590,Office Supplies,Appliances,Hoover WindTunnel Plus Canister Vacuum,1089.75,2015-08
1395,US-2018-117247,2018-10-09,2018-10-14,Standard Class,CK-12760,Cyma Kinney,Corporate,United States,Aurora,Illinois,60505.0,Central,FUR-TA-10002958,Furniture,Tables,"Bevis Oval Conference Table, Walnut",652.45,2018-10
1417,CA-2016-126697,2016-09-21,2016-09-24,First Class,SV-20815,Stuart Van,Corporate,United States,Houston,Texas,77041.0,Central,TEC-PH-10002922,Technology,Phones,ShoreTel ShorePhone IP 230 VoIP phone,946.344,2016-09
1434,CA-2015-120768,2015-12-19,2015-12-21,Second Class,IM-15070,Irene Maddox,Consumer,United States,Florence,Alabama,35630.0,South,FUR-CH-10000513,Furniture,Chairs,High-Back Leather Manager's Chair,1819.86,2015-12
1439,CA-2016-139731,2016-10-15,2016-10-15,Same Day,JE-15745,Joel Eaton,Consumer,United States,Amarillo,Texas,79109.0,Central,FUR-CH-10002024,Furniture,Chairs,HON 5400 Series Task Chairs for Big and Tall,2453.43,2016-10
1445,CA-2017-133725,2017-05-23,2017-05-28,Standard Class,KL-16645,Ken Lonsdale,Consumer,United States,Chicago,Illinois,60623.0,Central,TEC-PH-10004165,Technology,Phones,Mitel MiVoice 5330e IP Phone,1979.928,2017-05
1455,CA-2017-133711,2017-11-26,2017-11-29,First Class,MC-17425,Mark Cousins,Corporate,United States,Mobile,Alabama,36608.0,South,TEC-MA-10000010,Technology,Machines,Hewlett-Packard Deskjet 3050a All-in-One Color Inkjet Printer,3040.0,2017-11
1464,CA-2017-152289,2017-08-26,2017-08-28,First Class,LC-16930,Linda Cazamias,Corporate,United States,Pasadena,Texas,77506.0,Central,FUR-CH-10002126,Furniture,Chairs,Hon Deluxe Fabric Upholstered Stacking Chairs,1024.716,2017-08
1469,CA-2018-139199,2018-12-09,2018-12-13,Standard Class,DK-12835,Damala Kotsonis,Corporate,United States,Detroit,Michigan,48234.0,Central,FUR-CH-10000847,Furniture,Chairs,Global Executive Mid-Back Manager's Chair,872.94,2018-12
1487,CA-2016-140410,2016-11-03,2016-11-07,Standard Class,CM-12655,Corinna Mitchell,Home Office,United States,Los Angeles,California,90008.0,West,TEC-PH-10003580,Technology,Phones,Cisco IP Phone 7961G-GE VoIP phone,1212.848,2016-11
1493,CA-2018-166436,2018-11-24,2018-11-28,Standard Class,TS-21370,Todd Sumrall,Corporate,United States,New York City,New York,10035.0,East,FUR-CH-10000785,Furniture,Chairs,Global Ergonomic Managers Chair,977.292,2018-11
1502,CA-2018-130386,2018-11-12,2018-11-18,Standard Class,NG-18430,Nathan Gelder,Consumer,United States,Austin,Texas,78745.0,Central,OFF-ST-10003716,Office Supplies,Storage,Tennsco Double-Tier Lockers,540.048,2018-11
1506,CA-2016-153388,2016-08-01,2016-08-07,Standard Class,PC-19000,Pauline Chand,Home Office,United States,Los Angeles,California,90004.0,West,FUR-TA-10003715,Furniture,Tables,Hon 2111 Invitation Series Corner Table,1004.976,2016-08
1517,CA-2018-148446,2018-12-10,2018-12-14,Second Class,MC-17845,Michael Chen,Consumer,United States,North Las Vegas,Nevada,89031.0,West,FUR-TA-10004256,Furniture,Tables,Bretford “Just In Time” Height-Adjustable Multi-Task Work Tables,1669.6,2018-12
1540,CA-2018-121888,2018-09-15,2018-09-17,Second Class,CL-11890,Carl Ludwig,Consumer,United States,Everett,Massachusetts,2149.0,East,FUR-BO-10002545,Furniture,Bookcases,"Atlantic Metals Mobile 3-Shelf Bookcases, Custom Colors",782.94,2018-09
1546,CA-2015-150245,2015-12-31,2016-01-04,Second Class,PC-18745,Pamela Coakley,Corporate,United States,Watertown,New York,13601.0,East,FUR-BO-10002613,Furniture,Bookcases,"Atlantic Metals Mobile 4-Shelf Bookcases, Custom Colors",1573.488,2015-12
1550,CA-2015-134278,2015-07-06,2015-07-08,First Class,EP-13915,Emily Phan,Consumer,United States,New York City,New York,10011.0,East,TEC-CO-10001046,Technology,Copiers,Canon Imageclass D680 Copier / Fax,559.992,2015-07
1563,US-2018-102890,2018-06-30,2018-06-30,Same Day,SG-20470,Sheri Gordon,Consumer,United States,New York City,New York,10011.0,East,FUR-TA-10000577,Furniture,Tables,Bretford CR4500 Series Slim Rectangular Table,1044.63,2018-06
1571,US-2015-157385,2015-11-23,2015-11-25,First Class,SC-20095,Sanjit Chand,Consumer,United States,Los Angeles,California,90004.0,West,FUR-CH-10000863,Furniture,Chairs,Novimex Swivel Fabric Task Chair,603.92,2015-11
1576,CA-2015-101602,2015-12-15,2015-12-18,First Class,MC-18100,Mick Crebagga,Consumer,United States,El Paso,Texas,79907.0,Central,FUR-CH-10004675,Furniture,Chairs,"Lifetime Advantage Folding Chairs, 4/Carton",763.28,2015-12
1583,CA-2016-131338,2016-08-09,2016-08-12,First Class,NP-18325,Naresj Patel,Consumer,United States,New York City,New York,10024.0,East,OFF-BI-10000545,Office Supplies,Binders,GBC Ibimaster 500 Manual ProClick Binding System,1217.568,2016-08
1586,CA-2016-131338,2016-08-09,2016-08-12,First Class,NP-18325,Naresj Patel,Consumer,United States,New York City,New York,10024.0,East,TEC-PH-10000984,Technology,Phones,Panasonic KX-TG9471B,979.95,2016-08
1597,CA-2018-132234,2018-10-16,2018-10-18,First Class,MY-17380,Maribeth Yedwab,Corporate,United States,New York City,New York,10011.0,East,FUR-FU-10001290,Furniture,Furnishings,Executive Impressions Supervisor Wall Clock,547.3,2018-10
1614,CA-2018-138380,2018-12-21,2018-12-25,Standard Class,YS-21880,Yana Sorensen,Corporate,United States,Oakland,California,94601.0,West,OFF-ST-10003306,Office Supplies,Storage,Letter Size Cart,1000.02,2018-12
1622,CA-2018-108560,2018-07-08,2018-07-15,Standard Class,JC-15385,Jenna Caffey,Consumer,United States,Kent,Washington,98031.0,West,OFF-LA-10003930,Office Supplies,Labels,"Dot Matrix Printer Tape Reel Labels, White, 5000/Box",786.48,2018-07
1625,CA-2016-157084,2016-12-19,2016-12-24,Standard Class,JG-15160,James Galang,Consumer,United States,Los Angeles,California,90049.0,West,TEC-PH-10002922,Technology,Phones,ShoreTel ShorePhone IP 230 VoIP phone,675.96,2016-12
1626,CA-2016-157084,2016-12-19,2016-12-24,Standard Class,JG-15160,James Galang,Consumer,United States,Los Angeles,California,90049.0,West,TEC-AC-10002049,Technology,Accessories,Plantronics Savi W720 Multi-Device Wireless Headset System,1265.85,2016-12
1627,CA-2016-164539,2016-11-16,2016-11-22,Standard Class,PO-19180,Philisse Overcash,Home Office,United States,New York City,New York,10011.0,East,OFF-AP-10002457,Office Supplies,Appliances,"Eureka The Boss Plus 12-Amp Hard Box Upright Vacuum, Red",523.25,2016-11
1628,CA-2016-143119,2016-09-24,2016-09-30,Standard Class,MC-17275,Marc Crier,Consumer,United States,Lafayette,Louisiana,70506.0,South,FUR-CH-10001270,Furniture,Chairs,Harbour Creations Steel Folding Chair,517.5,2016-09
1631,CA-2017-106530,2017-05-08,2017-05-08,Same Day,CL-12565,Clay Ludtke,Consumer,United States,Cleveland,Ohio,44105.0,East,OFF-ST-10002011,Office Supplies,Storage,Smead Adjustable Mobile File Trolley with Lockable Top,1006.056,2017-05
1637,CA-2015-168984,2015-11-26,2015-12-02,Standard Class,NW-18400,Natalie Webber,Consumer,United States,Tigard,Oregon,97224.0,West,OFF-ST-10001097,Office Supplies,Storage,Office Impressions Heavy Duty Welded Shelving & Multimedia Storage Drawers,669.08,2015-11
1644,CA-2016-111829,2016-03-19,2016-03-20,First Class,FH-14365,Fred Hopkins,Corporate,United States,Seattle,Washington,98115.0,West,OFF-ST-10000142,Office Supplies,Storage,Deluxe Rollaway Locking File with Drawer,1247.64,2016-03
1645,CA-2016-111829,2016-03-19,2016-03-20,First Class,FH-14365,Fred Hopkins,Corporate,United States,Seattle,Washington,98115.0,West,TEC-CO-10001766,Technology,Copiers,Canon PC940 Copier,3149.93,2016-03
1662,CA-2018-144526,2018-04-30,2018-05-06,Standard Class,QJ-19255,Quincy Jones,Corporate,United States,Philadelphia,Pennsylvania,19143.0,East,TEC-PH-10002549,Technology,Phones,Polycom SoundPoint IP 450 VoIP phone,677.58,2018-04
1670,US-2016-157154,2016-01-10,2016-01-15,Standard Class,MM-17920,Michael Moore,Consumer,United States,New York City,New York,10011.0,East,FUR-TA-10001889,Furniture,Tables,Bush Advantage Collection Racetrack Conference Table,1018.104,2016-01
1690,CA-2015-142839,2015-08-16,2015-08-20,Standard Class,TS-21610,Troy Staebel,Consumer,United States,Philadelphia,Pennsylvania,19143.0,East,FUR-TA-10001539,Furniture,Tables,Chromcraft Rectangular Conference Tables,853.092,2015-08
1700,CA-2015-135657,2015-06-03,2015-06-07,Second Class,SC-20725,Steven Cartwright,Consumer,United States,Seattle,Washington,98115.0,West,FUR-TA-10004086,Furniture,Tables,KI Adjustable-Height Table,515.88,2015-06
1702,CA-2016-114069,2016-07-13,2016-07-15,Second Class,ND-18370,Natalie DeCherney,Consumer,United States,New York City,New York,10035.0,East,FUR-CH-10000595,Furniture,Chairs,Safco Contoured Stacking Chairs,1931.04,2016-07
1712,CA-2018-123491,2018-10-30,2018-11-05,Standard Class,JK-15205,Jamie Kunitz,Consumer,United States,San Francisco,California,94122.0,West,OFF-AP-10002684,Office Supplies,Appliances,"Acco 7-Outlet Masterpiece Power Center, Wihtout Fax/Phone Line Protection",1702.12,2018-10
1714,US-2018-124968,2018-09-08,2018-09-13,Second Class,MM-18055,Michelle Moray,Consumer,United States,Chicago,Illinois,60610.0,Central,FUR-TA-10004289,Furniture,Tables,BoxOffice By Design Rectangular and Half-Moon Meeting Room Tables,765.625,2018-09
1728,US-2018-164056,2018-04-29,2018-05-04,Second Class,FM-14215,Filia McAdams,Corporate,United States,Dublin,Ohio,43017.0,East,FUR-TA-10001307,Furniture,Tables,"SAFCO PlanMaster Heigh-Adjustable Drafting Table Base, 43w x 30d x 30-37h, Black",1048.35,2018-04
1753,CA-2018-116715,2018-12-02,2018-12-05,First Class,VW-21775,Victoria Wilson,Corporate,United States,San Francisco,California,94122.0,West,OFF-ST-10004340,Office Supplies,Storage,"Fellowes Mobile File Cart, Black",559.62,2018-12
1757,CA-2016-135622,2016-12-08,2016-12-11,Second Class,TT-21460,Tonja Turnell,Home Office,United States,Fort Worth,Texas,76106.0,Central,TEC-PH-10001817,Technology,Phones,Wilson Electronics DB Pro Signal Booster,1718.4,2016-12
1789,CA-2016-154326,2016-02-15,2016-02-19,Standard Class,RP-19855,Roy Phan,Corporate,United States,Kenosha,Wisconsin,53142.0,Central,TEC-PH-10000560,Technology,Phones,Samsung Galaxy S III - 16GB - pebble blue (T-Mobile),699.98,2016-02
1792,CA-2015-120474,2015-12-01,2015-12-03,First Class,RP-19390,Resi Pölking,Consumer,United States,Madison,Wisconsin,53711.0,Central,FUR-CH-10001854,Furniture,Chairs,Office Star - Professional Matrix Back Chair with 2-to-1 Synchro Tilt and Mesh Fabric Seat,2807.84,2015-12
1804,CA-2018-158379,2018-09-22,2018-09-26,Second Class,JA-15970,Joseph Airdo,Consumer,United States,Philadelphia,Pennsylvania,19134.0,East,OFF-SU-10002881,Office Supplies,Supplies,Martin Yale Chadless Opener Electric Letter Opener,4663.736,2018-09
1806,US-2017-116729,2017-12-25,2017-12-28,First Class,GK-14620,Grace Kelly,Corporate,United States,Los Angeles,California,90049.0,West,TEC-PH-10002200,Technology,Phones,Samsung Galaxy Note 2,2575.944,2017-12
1812,CA-2015-132612,2015-06-09,2015-06-11,Second Class,FO-14305,Frank Olsen,Consumer,United States,Harrisonburg,Virginia,22801.0,South,FUR-TA-10004534,Furniture,Tables,Bevis 44 x 96 Conference Tables,1441.3,2015-06
1828,CA-2017-109344,2017-02-08,2017-02-11,Second Class,CH-12070,Cathy Hwang,Home Office,United States,Raleigh,North Carolina,27604.0,South,TEC-PH-10002624,Technology,Phones,Samsung Galaxy S4 Mini,1127.976,2017-02
1830,CA-2015-103373,2015-05-18,2015-05-24,Standard Class,BS-11755,Bruce Stewart,Consumer,United States,Cleveland,Ohio,44105.0,East,TEC-PH-10002885,Technology,Phones,Apple iPhone 5,779.796,2015-05
1831,CA-2018-145884,2018-10-21,2018-10-21,Same Day,SL-20155,Sara Luxemburg,Home Office,United States,Muskogee,Oklahoma,74403.0,Central,TEC-PH-10000895,Technology,Phones,Polycom VVX 310 VoIP phone,1439.92,2018-10
1834,CA-2018-162691,2018-08-01,2018-08-07,Standard Class,AS-10045,Aaron Smayling,Corporate,United States,Austin,Texas,78745.0,Central,TEC-MA-10000488,Technology,Machines,Bady BDG101FRU Card Printer,1439.982,2018-08
1837,CA-2018-122693,2018-02-19,2018-02-21,Second Class,NH-18610,Nicole Hansen,Corporate,United States,Roswell,Georgia,30076.0,South,OFF-AP-10002518,Office Supplies,Appliances,Kensington 7 Outlet MasterPiece Power Center,1245.86,2018-02
1851,CA-2016-160472,2016-07-20,2016-07-25,Second Class,RK-19300,Ralph Kennedy,Consumer,United States,South Bend,Indiana,46614.0,Central,TEC-AC-10002253,Technology,Accessories,Imation Bio 8GB USB Flash Drive Imation Corp,831.2,2016-07
1864,US-2017-100839,2017-10-13,2017-10-17,Standard Class,NC-18625,Noah Childs,Corporate,United States,Aurora,Colorado,80013.0,West,FUR-TA-10004575,Furniture,Tables,Hon 5100 Series Wood Tables,727.45,2017-10
1872,CA-2015-116932,2015-07-21,2015-07-25,Standard Class,ME-18010,Michelle Ellison,Corporate,United States,San Francisco,California,94122.0,West,FUR-CH-10001215,Furniture,Chairs,Global Troy Executive Leather Low-Back Tilter,801.568,2015-07
1883,CA-2016-109512,2016-03-05,2016-03-05,Same Day,LF-17185,Luke Foster,Consumer,United States,New York City,New York,10011.0,East,OFF-ST-10000689,Office Supplies,Storage,"Fellowes Strictly Business Drawer File, Letter/Legal Size",563.4,2016-03
1897,CA-2018-141789,2018-10-03,2018-10-06,First Class,AC-10450,Amy Cox,Consumer,United States,Minneapolis,Minnesota,55407.0,Central,OFF-BI-10001359,Office Supplies,Binders,GBC DocuBind TL300 Electric Binding System,1793.98,2018-10
1899,CA-2015-169775,2015-08-29,2015-09-02,Second Class,RA-19945,Ryan Akin,Consumer,United States,Miami,Florida,33178.0,South,OFF-BI-10004390,Office Supplies,Binders,GBC DocuBind 200 Manual Binding Machine,505.176,2015-08
1906,CA-2018-154410,2018-10-21,2018-10-24,First Class,MD-17860,Michael Dominguez,Corporate,United States,Indianapolis,Indiana,46203.0,Central,OFF-ST-10002743,Office Supplies,Storage,SAFCO Boltless Steel Shelving,909.12,2018-10
1913,CA-2018-121503,2018-07-03,2018-07-06,Second Class,FH-14275,Frank Hawley,Corporate,United States,Houston,Texas,77041.0,Central,TEC-MA-10003674,Technology,Machines,Hewlett-Packard Deskjet 5550 Printer,597.132,2018-07
1920,US-2018-111423,2018-08-17,2018-08-19,First Class,EH-13765,Edward Hooks,Corporate,United States,Watertown,New York,13601.0,East,OFF-BI-10003091,Office Supplies,Binders,GBC DocuBind TL200 Manual Binding Machine,895.92,2018-08
1923,CA-2017-156685,2017-07-08,2017-07-10,Second Class,SC-20230,Scot Coram,Corporate,United States,Arlington,Texas,76017.0,Central,TEC-PH-10004345,Technology,Phones,Cisco SPA 502G IP Phone,863.64,2017-07
1931,US-2018-101539,2018-03-16,2018-03-18,Second Class,VM-21685,Valerie Mitchum,Home Office,United States,Seattle,Washington,98105.0,West,TEC-PH-10004165,Technology,Phones,Mitel MiVoice 5330e IP Phone,659.976,2018-03
1941,CA-2017-112109,2017-07-08,2017-07-12,Standard Class,JE-15715,Joe Elijah,Consumer,United States,Broomfield,Colorado,80020.0,West,FUR-CH-10004287,Furniture,Chairs,SAFCO Arco Folding Chair,662.88,2017-07
1954,CA-2018-157987,2018-09-02,2018-09-06,Standard Class,AC-10615,Ann Chong,Corporate,United States,New York City,New York,10009.0,East,FUR-CH-10003379,Furniture,Chairs,Global Commerce Series High-Back Swivel/Tilt Chairs,1282.41,2018-09
1977,CA-2015-110408,2015-10-18,2015-10-20,Second Class,AS-10225,Alan Schoenberger,Corporate,United States,Montgomery,Alabama,36116.0,South,TEC-PH-10002352,Technology,Phones,Avaya IP Phone 1140E VoIP phone,1394.95,2015-10
1978,CA-2015-110408,2015-10-18,2015-10-20,Second Class,AS-10225,Alan Schoenberger,Corporate,United States,Montgomery,Alabama,36116.0,South,FUR-CH-10003774,Furniture,Chairs,"Global Wood Trimmed Manager's Task Chair, Khaki",545.88,2015-10
1980,CA-2017-112669,2017-04-14,2017-04-14,Same Day,KT-16465,Kean Takahito,Consumer,United States,Glendale,Arizona,85301.0,West,FUR-CH-10004086,Furniture,Chairs,Hon 4070 Series Pagoda Armless Upholstered Stacking Chairs,933.536,2017-04
1987,CA-2017-147417,2017-07-25,2017-07-27,First Class,CB-12415,Christy Brittain,Consumer,United States,Columbus,Ohio,43229.0,East,TEC-CO-10001449,Technology,Copiers,Hewlett Packard LaserJet 3310 Copier,1439.976,2017-07
1989,CA-2016-127509,2016-11-09,2016-11-13,Standard Class,AS-10090,Adam Shillingsburg,Consumer,United States,Springfield,Missouri,65807.0,Central,FUR-TA-10002855,Furniture,Tables,Bevis Round Conference Table Top & Single Column Base,1024.38,2016-11
2016,CA-2017-145905,2017-09-18,2017-09-23,Standard Class,AM-10705,Anne McFarland,Consumer,United States,Auburn,Alabama,36830.0,South,OFF-ST-10003716,Office Supplies,Storage,Tennsco Double-Tier Lockers,900.08,2017-09
2021,CA-2017-168354,2017-09-19,2017-09-21,First Class,RH-19510,Rick Huthwaite,Home Office,United States,Providence,Rhode Island,2908.0,East,OFF-ST-10001490,Office Supplies,Storage,"Hot File 7-Pocket, Floor Stand",1606.23,2017-09
2024,CA-2017-168354,2017-09-19,2017-09-21,First Class,RH-19510,Rick Huthwaite,Home Office,United States,Providence,Rhode Island,2908.0,East,FUR-CH-10004675,Furniture,Chairs,"Lifetime Advantage Folding Chairs, 4/Carton",872.32,2017-09
2047,CA-2017-131835,2017-07-17,2017-07-21,Standard Class,MC-17590,Matt Collister,Corporate,United States,Perth Amboy,New Jersey,8861.0,East,TEC-PH-10001760,Technology,Phones,Bose SoundLink Bluetooth Speaker,597.0,2017-07
2057,CA-2018-120376,2018-12-22,2018-12-25,First Class,TP-21130,Theone Pippenger,Consumer,United States,Detroit,Michigan,48227.0,Central,FUR-CH-10002335,Furniture,Chairs,Hon GuestStacker Chair,1586.69,2018-12
2070,CA-2016-133452,2016-04-13,2016-04-19,Standard Class,ZC-21910,Zuschuss Carroll,Consumer,United States,Pomona,California,91767.0,West,FUR-TA-10003954,Furniture,Tables,Hon 94000 Series Round Tables,710.832,2016-04
2075,CA-2018-122504,2018-11-07,2018-11-12,Second Class,DB-13270,Deborah Brumfield,Home Office,United States,Brentwood,California,94513.0,West,TEC-PH-10002468,Technology,Phones,"Plantronics CS 50-USB - headset - Convertible, Monaural",761.544,2018-11
2096,US-2017-146570,2017-05-15,2017-05-20,Standard Class,SN-20710,Steve Nguyen,Home Office,United States,Jackson,Mississippi,39212.0,South,OFF-BI-10001718,Office Supplies,Binders,GBC DocuBind P50 Personal Binding Machine,511.84,2017-05
2101,US-2015-140116,2015-03-10,2015-03-17,Standard Class,KT-16480,Kean Thornton,Consumer,United States,Denver,Colorado,80219.0,West,OFF-ST-10000078,Office Supplies,Storage,Tennsco 6- and 18-Compartment Lockers,636.408,2015-03
2114,CA-2016-164882,2016-10-31,2016-10-31,Same Day,SG-20080,Sandra Glassco,Consumer,United States,Redlands,California,92374.0,West,TEC-PH-10001578,Technology,Phones,Polycom SoundStation2 EX Conference phone,1295.84,2016-10
2120,CA-2018-155460,2018-04-13,2018-04-15,First Class,RW-19630,Rob Williams,Corporate,United States,Seattle,Washington,98105.0,West,OFF-BI-10003091,Office Supplies,Binders,GBC DocuBind TL200 Manual Binding Machine,895.92,2018-04
2142,CA-2015-159520,2015-06-06,2015-06-11,Standard Class,GT-14635,Grant Thornton,Corporate,United States,Long Beach,New York,11561.0,East,FUR-TA-10003238,Furniture,Tables,"Chromcraft Bull-Nose Wood 48"" x 96"" Rectangular Conference Tables",991.764,2015-06
2157,CA-2015-124646,2015-06-22,2015-06-24,First Class,DV-13465,Dianna Vittorini,Consumer,United States,Minneapolis,Minnesota,55407.0,Central,OFF-ST-10001097,Office Supplies,Storage,Office Impressions Heavy Duty Welded Shelving & Multimedia Storage Drawers,501.81,2015-06
2183,CA-2017-128818,2017-05-07,2017-05-11,Standard Class,CJ-12010,Caroline Jumper,Consumer,United States,New York City,New York,10009.0,East,TEC-MA-10000488,Technology,Machines,Bady BDG101FRU Card Printer,3999.95,2017-05
2190,CA-2018-143063,2018-08-10,2018-08-15,Standard Class,IL-15100,Ivan Liston,Consumer,United States,Columbus,Indiana,47201.0,Central,TEC-PH-10003645,Technology,Phones,Aastra 57i VoIP phone,1454.49,2018-08
2202,US-2015-165659,2015-06-01,2015-06-06,Standard Class,LT-17110,Liz Thompson,Consumer,United States,Little Rock,Arkansas,72209.0,South,TEC-PH-10002563,Technology,Phones,Adtran 1202752G1,881.93,2015-06
2210,CA-2015-125556,2015-11-14,2015-11-16,Second Class,ML-17410,Maris LaWare,Consumer,United States,Fairfield,Connecticut,6824.0,East,TEC-PH-10001079,Technology,Phones,Polycom SoundPoint Pro SE-225 Corded phone,832.93,2015-11
2221,CA-2018-130841,2018-07-28,2018-08-01,Standard Class,MH-17620,Matt Hagelstein,Corporate,United States,San Francisco,California,94110.0,West,TEC-PH-10001817,Technology,Phones,Wilson Electronics DB Pro Signal Booster,1145.6,2018-07
2230,CA-2015-128055,2015-03-31,2015-04-05,Standard Class,AA-10315,Alex Avila,Consumer,United States,San Francisco,California,94122.0,West,OFF-BI-10004390,Office Supplies,Binders,GBC DocuBind 200 Manual Binding Machine,673.568,2015-03
2232,CA-2018-157091,2018-06-26,2018-07-01,Standard Class,DB-13405,Denny Blanton,Consumer,United States,La Porte,Indiana,46350.0,Central,FUR-FU-10000293,Furniture,Furnishings,Eldon Antistatic Chair Mats for Low to Medium Pile Carpets,526.45,2018-06
2240,CA-2017-146633,2017-11-15,2017-11-17,Second Class,TG-21310,Toby Gnade,Consumer,United States,Los Angeles,California,90049.0,West,OFF-BI-10003527,Office Supplies,Binders,Fellowes PB500 Electric Punch Plastic Comb Binding Machine with Manual Bind,1016.792,2017-11
2247,CA-2018-103380,2018-11-21,2018-11-25,Standard Class,BF-11005,Barry Franz,Home Office,United States,Pasadena,California,91104.0,West,TEC-PH-10004165,Technology,Phones,Mitel MiVoice 5330e IP Phone,659.976,2018-11
2251,CA-2016-116092,2016-02-15,2016-02-18,Second Class,JM-16195,Justin MacKendrick,Consumer,United States,Los Angeles,California,90004.0,West,OFF-AP-10001391,Office Supplies,Appliances,Kensington 6 Outlet MasterPiece HOMEOFFICE Power Control Center,541.44,2016-02
2258,CA-2018-105214,2018-06-16,2018-06-19,First Class,TS-21610,Troy Staebel,Consumer,United States,San Francisco,California,94122.0,West,FUR-CH-10000015,Furniture,Chairs,Hon Multipurpose Stacking Arm Chairs,1212.96,2018-06
2274,CA-2016-142944,2016-03-06,2016-03-11,Standard Class,JL-15850,John Lucas,Consumer,United States,San Francisco,California,94122.0,West,TEC-CO-10003763,Technology,Copiers,Canon PC1060 Personal Laser Copier,1119.984,2016-03
2281,CA-2018-142622,2018-10-30,2018-11-02,First Class,JK-15625,Jim Karlsson,Consumer,United States,Seattle,Washington,98115.0,West,FUR-CH-10004289,Furniture,Chairs,Global Super Steno Chair,614.272,2018-10
2290,CA-2018-115154,2018-01-08,2018-01-11,First Class,RS-19420,Ricardo Sperren,Corporate,United States,Seattle,Washington,98115.0,West,FUR-TA-10001950,Furniture,Tables,Balt Solid Wood Round Tables,892.98,2018-01
2292,CA-2016-149342,2016-04-20,2016-04-25,Standard Class,TS-21160,Theresa Swint,Corporate,United States,Columbus,Georgia,31907.0,South,FUR-FU-10002937,Furniture,Furnishings,"GE 48"" Fluorescent Tube, Cool White Energy Saver, 34 Watts, 30/Box",595.38,2016-04
2299,CA-2016-113145,2016-11-01,2016-11-05,Standard Class,VD-21670,Valerie Dominguez,Consumer,United States,New York City,New York,10011.0,East,TEC-AC-10001838,Technology,Accessories,Razer Tiamat Over Ear 7.1 Surround Sound PC Gaming Headset,1399.93,2016-11
2300,CA-2016-113145,2016-11-01,2016-11-05,Standard Class,VD-21670,Valerie Dominguez,Consumer,United States,New York City,New York,10011.0,East,TEC-PH-10002597,Technology,Phones,Xblue XB-1670-86 X16 Small Office Telephone - Titanium,503.96,2016-11
2304,CA-2018-157931,2018-09-17,2018-09-22,Second Class,MO-17800,Meg O'Connel,Home Office,United States,Roswell,Georgia,30076.0,South,FUR-CH-10000785,Furniture,Chairs,Global Ergonomic Managers Chair,723.92,2018-09
2330,US-2016-147739,2016-12-25,2016-12-29,Standard Class,JD-16150,Justin Deggeller,Corporate,United States,Philadelphia,Pennsylvania,19140.0,East,FUR-FU-10001468,Furniture,Furnishings,Tenex Antistatic Computer Chair Mats,547.136,2016-12
2348,CA-2017-159373,2017-03-13,2017-03-18,Standard Class,LT-17110,Liz Thompson,Consumer,United States,San Antonio,Texas,78207.0,Central,FUR-TA-10004619,Furniture,Tables,Hon Non-Folding Utility Tables,557.585,2017-03
2354,CA-2016-111514,2016-08-31,2016-09-02,First Class,SC-20260,Scott Cohen,Corporate,United States,San Francisco,California,94122.0,West,FUR-BO-10002545,Furniture,Bookcases,"Atlantic Metals Mobile 3-Shelf Bookcases, Custom Colors",1552.831,2016-08
2358,US-2015-148838,2015-03-17,2015-03-21,Standard Class,CP-12340,Christine Phan,Corporate,United States,New York City,New York,10024.0,East,FUR-TA-10003473,Furniture,Tables,Bretford Rectangular Conference Table Tops,1579.746,2015-03
2359,US-2015-148838,2015-03-17,2015-03-21,Standard Class,CP-12340,Christine Phan,Corporate,United States,New York City,New York,10024.0,East,FUR-TA-10001950,Furniture,Tables,Balt Solid Wood Round Tables,1071.576,2015-03
2360,US-2015-148838,2015-03-17,2015-03-21,Standard Class,CP-12340,Christine Phan,Corporate,United States,New York City,New York,10024.0,East,FUR-TA-10004175,Furniture,Tables,"Hon 30"" x 60"" Table with Locking Drawer",613.908,2015-03
2369,US-2017-129469,2017-09-23,2017-09-27,Standard Class,KL-16555,Kelly Lampkin,Corporate,United States,Fairfield,Ohio,45014.0,East,FUR-FU-10002298,Furniture,Furnishings,"Rubbermaid ClusterMat Chairmats, Mat Size- 66"" x 60"", Lip 20"" x 11"" -90 Degree Angle",532.704,2017-09
2392,US-2016-127040,2016-12-06,2016-12-10,Standard Class,SG-20605,Speros Goranitis,Consumer,United States,New York City,New York,10009.0,East,TEC-AC-10002637,Technology,Accessories,Logitech VX Revolution Cordless Laser Mouse for Notebooks (Black),1619.91,2016-12
2400,CA-2018-147361,2018-09-09,2018-09-15,Standard Class,SB-20290,Sean Braxton,Corporate,United States,Florence,South Carolina,29501.0,South,OFF-ST-10001809,Office Supplies,Storage,Fellowes Officeware Wire Shelving,628.81,2018-09
2404,US-2017-110170,2017-09-27,2017-10-03,Standard Class,HM-14860,Harry Marie,Corporate,United States,Huntsville,Texas,77340.0,Central,FUR-BO-10000780,Furniture,Bookcases,O'Sullivan Plantations 2-Door Library in Landvery Oak,956.6648,2017-09
2405,CA-2018-108574,2018-10-07,2018-10-11,Standard Class,MG-18145,Mike Gockenbach,Consumer,United States,Los Angeles,California,90045.0,West,TEC-AC-10002049,Technology,Accessories,Logitech G19 Programmable Gaming Keyboard,1115.91,2018-10
2414,CA-2015-151295,2015-11-12,2015-11-16,Standard Class,JA-15970,Joseph Airdo,Consumer,United States,Los Angeles,California,90045.0,West,FUR-TA-10002356,Furniture,Tables,Bevis Boat-Shaped Conference Table,629.064,2015-11
2415,CA-2017-156300,2017-12-29,2018-01-02,Standard Class,TB-21595,Troy Blackwell,Consumer,United States,Milwaukee,Wisconsin,53209.0,Central,FUR-CH-10001714,Furniture,Chairs,"Global Leather & Oak Executive Chair, Burgundy",754.45,2017-12
2417,CA-2018-168655,2018-10-12,2018-10-18,Standard Class,ML-18040,Michelle Lonsdale,Corporate,United States,Albuquerque,New Mexico,87105.0,West,TEC-AC-10002842,Technology,Accessories,WD My Passport Ultra 2TB Portable External Hard Drive,595.0,2018-10
2419,CA-2017-107202,2017-05-21,2017-05-28,Standard Class,LC-16930,Linda Cazamias,Corporate,United States,Sparks,Nevada,89431.0,West,TEC-MA-10000112,Technology,Machines,Panasonic KX MB2061 Multifunction Printer,2396.4,2017-05
2436,CA-2016-154746,2016-11-14,2016-11-17,First Class,PJ-18835,Patrick Jones,Corporate,United States,Springfield,Virginia,22153.0,South,OFF-AP-10003057,Office Supplies,Appliances,Honeywell Enviracaire Portable HEPA Air Cleaner for 16' x 20' Room,826.11,2016-11
2437,CA-2018-140053,2018-07-03,2018-07-10,Standard Class,CA-12265,Christina Anderson,Consumer,United States,Farmington,New Mexico,87401.0,West,FUR-FU-10003708,Furniture,Furnishings,"Tenex Traditional Chairmats for Medium Pile Carpet, Standard Lip, 36"" x 48""",545.85,2018-07
2443,CA-2017-146934,2017-05-22,2017-05-27,Standard Class,AF-10870,Art Ferguson,Consumer,United States,Passaic,New Jersey,7055.0,East,OFF-AP-10003217,Office Supplies,Appliances,Eureka Sanitaire  Commercial Upright,662.84,2017-05
2468,CA-2018-128755,2018-05-04,2018-05-08,Standard Class,MK-18160,Mike Kennedy,Consumer,United States,Newport News,Virginia,23602.0,South,OFF-ST-10003306,Office Supplies,Storage,Letter Size Cart,571.44,2018-05
2477,CA-2017-114972,2017-11-03,2017-11-06,First Class,PF-19225,Phillip Flathmann,Consumer,United States,Los Angeles,California,90032.0,West,OFF-AP-10003057,Office Supplies,Appliances,Honeywell Enviracaire Portable HEPA Air Cleaner for 16' x 20' Room,1101.48,2017-11
2478,CA-2018-102750,2018-09-04,2018-09-08,Second Class,GM-14695,Greg Maxwell,Corporate,United States,Los Angeles,California,90036.0,West,FUR-TA-10000198,Furniture,Tables,Chromcraft Bull-Nose Wood Oval Conference Tables & Bases,1322.352,2018-09
2482,CA-2018-147956,2018-12-24,2018-12-31,Standard Class,AH-10210,Alan Hwang,Consumer,United States,Seattle,Washington,98105.0,West,OFF-ST-10001097,Office Supplies,Storage,Office Impressions Heavy Duty Welded Shelving & Multimedia Storage Drawers,1003.62,2018-12
2484,CA-2018-126067,2018-08-28,2018-09-03,Standard Class,KN-16705,Kristina Nunn,Home Office,United States,Seattle,Washington,98105.0,West,FUR-TA-10000617,Furniture,Tables,"Hon Practical Foundations 30 x 60 Training Table, Light Gray/Charcoal",1137.75,2018-08
2490,CA-2016-141040,2016-10-09,2016-10-13,Second Class,TB-21250,Tim Brockman,Consumer,United States,New York City,New York,10024.0,East,TEC-PH-10001835,Technology,Phones,Jawbone JAMBOX Wireless Bluetooth Speaker,631.96,2016-10
2493,CA-2015-144624,2015-11-19,2015-11-23,Standard Class,JM-15865,John Murray,Consumer,United States,Jamestown,New York,14701.0,East,TEC-PH-10002885,Technology,Phones,Apple iPhone 5,4548.81,2015-11
2495,CA-2017-146206,2017-09-10,2017-09-14,Second Class,KT-16480,Kean Thornton,Consumer,United States,Houston,Texas,77095.0,Central,TEC-PH-10000895,Technology,Phones,Polycom VVX 310 VoIP phone,719.96,2017-09
2496,CA-2015-136644,2015-06-16,2015-06-22,Standard Class,SC-20575,Sonia Cooley,Consumer,United States,Mishawaka,Indiana,46544.0,Central,FUR-CH-10000225,Furniture,Chairs,"Global Geo Office Task Chair, Gray",647.84,2015-06
2506,CA-2015-143917,2015-07-25,2015-07-27,Second Class,KL-16645,Ken Lonsdale,Consumer,United States,San Francisco,California,94122.0,West,OFF-SU-10000151,Office Supplies,Supplies,High Speed Automatic Electric Letter Opener,8187.65,2015-07
2511,CA-2017-136812,2017-11-18,2017-11-23,Standard Class,AW-10930,Arthur Wiediger,Home Office,United States,Oklahoma City,Oklahoma,73120.0,Central,OFF-ST-10003470,Office Supplies,Storage,"Tennsco Snap-Together Open Shelving Units, Starter Sets and Add-On Units",1117.92,2017-11
2517,CA-2015-128888,2015-11-15,2015-11-22,Standard Class,PB-19105,Peter Bühler,Consumer,United States,Houston,Texas,77095.0,Central,OFF-EN-10003001,Office Supplies,Envelopes,Ames Color-File Green Diamond Border X-ray Mailers,604.656,2015-11
2521,CA-2017-124352,2017-10-15,2017-10-21,Standard Class,CD-12790,Cynthia Delaney,Home Office,United States,Oklahoma City,Oklahoma,73120.0,Central,OFF-AP-10002651,Office Supplies,Appliances,Hoover Upright Vacuum With Dirt Cup,868.59,2017-10
2535,US-2018-117723,2018-08-15,2018-08-18,Second Class,DL-13495,Dionis Lloyd,Corporate,United States,Philadelphia,Pennsylvania,19120.0,East,OFF-ST-10004459,Office Supplies,Storage,Tennsco Single-Tier Lockers,1801.632,2018-08
2540,CA-2016-113404,2016-07-16,2016-07-16,Same Day,EM-13810,Eleni McCrary,Corporate,United States,San Francisco,California,94122.0,West,FUR-CH-10003312,Furniture,Chairs,Hon 2090 “Pillow Soft” Series Mid Back Swivel/Tilt Chairs,1348.704,2016-07
2541,CA-2016-113404,2016-07-16,2016-07-16,Same Day,EM-13810,Eleni McCrary,Corporate,United States,San Francisco,California,94122.0,West,FUR-CH-10004086,Furniture,Chairs,Hon 4070 Series Pagoda Armless Upholstered Stacking Chairs,700.152,2016-07
2549,US-2016-128090,2016-08-16,2016-08-22,Standard Class,JM-15865,John Murray,Consumer,United States,Phoenix,Arizona,85023.0,West,TEC-PH-10002624,Technology,Phones,Samsung Galaxy S4 Mini,1879.96,2016-08
2552,CA-2018-101042,2018-11-19,2018-11-23,Standard Class,AB-10105,Adrian Barton,Consumer,United States,Henderson,Kentucky,42420.0,South,FUR-FU-10004665,Furniture,Furnishings,"3M Polarizing Task Lamp with Clamp Arm, Light Gray",821.88,2018-11
2555,CA-2017-118626,2017-08-15,2017-08-20,Standard Class,JC-15775,John Castell,Consumer,United States,Tallahassee,Florida,32303.0,South,TEC-PH-10000369,Technology,Phones,HTC One Mini,705.544,2017-08
2559,CA-2016-147788,2016-05-31,2016-06-04,Standard Class,TM-21010,Tamara Manning,Consumer,United States,Orem,Utah,84057.0,West,FUR-BO-10004357,Furniture,Bookcases,O'Sullivan Living Dimensions 3-Shelf Bookcases,1406.86,2016-05
2568,CA-2018-123967,2018-11-01,2018-11-03,Second Class,SF-20200,Sarah Foster,Consumer,United States,Bellingham,Washington,98226.0,West,FUR-TA-10003954,Furniture,Tables,Hon 94000 Series Round Tables,2665.62,2018-11
2573,CA-2017-155845,2017-08-12,2017-08-15,Second Class,CM-12235,Chris McAfee,Consumer,United States,Carrollton,Texas,75007.0,Central,TEC-AC-10004145,Technology,Accessories,Logitech diNovo Edge Keyboard,1399.944,2017-08
2574,CA-2018-145128,2018-07-09,2018-07-14,Standard Class,SM-20320,Sean Miller,Home Office,United States,Lafayette,Indiana,47905.0,Central,FUR-FU-10000293,Furniture,Furnishings,Eldon Antistatic Chair Mats for Low to Medium Pile Carpets,526.45,2018-07
2578,CA-2015-129091,2015-11-22,2015-11-27,Standard Class,RA-19885,Ruben Ausman,Corporate,United States,Columbus,Georgia,31907.0,South,OFF-AP-10002734,Office Supplies,Appliances,Holmes Harmony HEPA Air Purifier for 17 x 20 Room,675.12,2015-11
2592,US-2017-115455,2017-09-08,2017-09-14,Standard Class,SE-20110,Sanjit Engle,Consumer,United States,Wheeling,Illinois,60090.0,Central,FUR-TA-10003569,Furniture,Tables,Bretford CR8500 Series Meeting Room Furniture,601.47,2017-09
2596,CA-2018-149048,2018-05-13,2018-05-17,Standard Class,BM-11650,Brian Moss,Corporate,United States,Columbus,Indiana,47201.0,Central,OFF-BI-10004632,Office Supplies,Binders,Ibico Hi-Tech Manual Binding System,914.97,2018-05
2597,CA-2018-149048,2018-05-13,2018-05-17,Standard Class,BM-11650,Brian Moss,Corporate,United States,Columbus,Indiana,47201.0,Central,TEC-PH-10002310,Technology,Phones,Plantronics Calisto P620-M USB Wireless Speakerphone System,587.97,2018-05
2598,CA-2018-149048,2018-05-13,2018-05-17,Standard Class,BM-11650,Brian Moss,Corporate,United States,Columbus,Indiana,47201.0,Central,OFF-ST-10000078,Office Supplies,Storage,Tennsco 6- and 18-Compartment Lockers,530.34,2018-05
2603,CA-2017-165848,2017-06-04,2017-06-04,Same Day,EN-13780,Edward Nazzal,Consumer,United States,New York City,New York,10035.0,East,TEC-MA-10003356,Technology,Machines,Panasonic KX MC6040 Color Laser Multifunction Printer,1349.85,2017-06
2610,CA-2015-127446,2015-11-25,2015-11-30,Standard Class,MC-17590,Matt Collister,Corporate,United States,Arlington,Texas,76017.0,Central,FUR-TA-10000577,Furniture,Tables,Bretford CR4500 Series Slim Rectangular Table,1218.735,2015-11
2624,CA-2018-127180,2018-10-22,2018-10-24,First Class,TA-21385,Tom Ashbrook,Home Office,United States,New York City,New York,10024.0,East,TEC-CO-10004722,Technology,Copiers,Canon imageCLASS 2200 Advanced Copier,11199.968,2018-10
2625,CA-2018-127180,2018-10-22,2018-10-24,First Class,TA-21385,Tom Ashbrook,Home Office,United States,New York City,New York,10024.0,East,TEC-PH-10001494,Technology,Phones,Polycom CX600 IP Phone VoIP phone,2399.6,2018-10
2629,US-2018-165344,2018-11-13,2018-11-15,First Class,SB-20290,Sean Braxton,Corporate,United States,Springfield,Ohio,45503.0,East,TEC-MA-10002210,Technology,Machines,Epson TM-T88V Direct Thermal Printer - Monochrome - Desktop,652.995,2018-11
2641,CA-2018-108441,2018-06-12,2018-06-18,Standard Class,SB-20170,Sarah Bern,Consumer,United States,New York City,New York,10035.0,East,FUR-CH-10000595,Furniture,Chairs,Safco Contoured Stacking Chairs,858.24,2018-06
2649,CA-2015-131002,2015-09-07,2015-09-12,Second Class,TB-21400,Tom Boeckenhauer,Consumer,United States,Tulsa,Oklahoma,74133.0,Central,FUR-FU-10004665,Furniture,Furnishings,"3M Polarizing Task Lamp with Clamp Arm, Light Gray",821.88,2015-09
2655,CA-2018-112515,2018-09-17,2018-09-21,Second Class,AS-10225,Alan Schoenberger,Corporate,United States,Provo,Utah,84604.0,West,FUR-BO-10003404,Furniture,Bookcases,"Global Adaptabilites Bookcase, Cherry/Storm Gray Finish",1292.94,2018-09
2660,CA-2016-135538,2016-12-24,2016-12-28,Standard Class,HR-14830,Harold Ryan,Corporate,United States,Gilbert,Arizona,85234.0,West,FUR-CH-10004287,Furniture,Chairs,SAFCO Arco Folding Chair,883.84,2016-12
2661,CA-2018-123372,2018-11-28,2018-12-02,Standard Class,DG-13300,Deirdre Greer,Corporate,United States,New York City,New York,10035.0,East,TEC-PH-10002834,Technology,Phones,Google Nexus 5,1979.89,2018-11
2672,CA-2015-126403,2015-09-09,2015-09-12,Second Class,RR-19525,Rick Reed,Corporate,United States,Lowell,Massachusetts,1852.0,East,FUR-CH-10003761,Furniture,Chairs,Global Italian Leather Office Chair,785.88,2015-09
2674,CA-2015-126403,2015-09-09,2015-09-12,Second Class,RR-19525,Rick Reed,Corporate,United States,Lowell,Massachusetts,1852.0,East,OFF-ST-10000078,Office Supplies,Storage,Tennsco 6- and 18-Compartment Lockers,1325.85,2015-09
2681,CA-2018-127026,2018-01-21,2018-01-27,Standard Class,MH-18115,Mick Hernandez,Home Office,United States,Jackson,Michigan,49201.0,Central,TEC-AC-10002049,Technology,Accessories,Logitech G19 Programmable Gaming Keyboard,619.95,2018-01
2697,CA-2015-145317,2015-03-18,2015-03-23,Standard Class,SM-20320,Sean Miller,Home Office,United States,Jacksonville,Florida,32216.0,South,TEC-MA-10003626,Technology,Machines,Hewlett-Packard Deskjet 6540 Color Inkjet Printer,821.3,2015-03
2698,CA-2015-145317,2015-03-18,2015-03-23,Standard Class,SM-20320,Sean Miller,Home Office,United States,Jacksonville,Florida,32216.0,South,TEC-MA-10002412,Technology,Machines,Cisco TelePresence System EX90 Videoconferencing Unit,22638.48,2015-03
2710,CA-2016-121797,2016-01-30,2016-02-06,Standard Class,CC-12145,Charles Crestani,Consumer,United States,Los Angeles,California,90049.0,West,TEC-MA-10000488,Technology,Machines,Bady BDG101FRU Card Printer,1919.976,2016-01
2729,CA-2018-119193,2018-12-22,2018-12-24,First Class,SK-19990,Sally Knutson,Consumer,United States,Toledo,Ohio,43615.0,East,TEC-PH-10003072,Technology,Phones,Panasonic KX-TG9541B DECT 6.0 Digital 2-Line Expandable Cordless Phone With Digital Answering System,629.958,2018-12
2731,CA-2018-104801,2018-02-13,2018-02-19,Standard Class,FH-14350,Fred Harton,Consumer,United States,Seattle,Washington,98105.0,West,TEC-AC-10001838,Technology,Accessories,Razer Tiamat Over Ear 7.1 Surround Sound PC Gaming Headset,799.96,2018-02
2747,CA-2015-155887,2015-05-12,2015-05-17,Standard Class,KT-16480,Kean Thornton,Consumer,United States,Franklin,Massachusetts,2038.0,East,FUR-TA-10002228,Furniture,Tables,"Bevis Traditional Conference Table Top, Plinth Base",700.056,2015-05
2750,US-2015-141257,2015-06-08,2015-06-14,Standard Class,CS-11950,Carlos Soltero,Consumer,United States,Seattle,Washington,98115.0,West,FUR-CH-10002758,Furniture,Chairs,"Hon Deluxe Fabric Upholstered Stacking Chairs, Squared Back",585.552,2015-06
2755,CA-2016-155306,2016-04-17,2016-04-21,Standard Class,GA-14515,George Ashbrook,Consumer,United States,San Francisco,California,94122.0,West,TEC-PH-10002310,Technology,Phones,Plantronics Calisto P620-M USB Wireless Speakerphone System,783.96,2016-04
2756,CA-2016-155306,2016-04-17,2016-04-21,Standard Class,GA-14515,George Ashbrook,Consumer,United States,San Francisco,California,94122.0,West,OFF-AP-10002651,Office Supplies,Appliances,Hoover Upright Vacuum With Dirt Cup,1447.65,2016-04
2768,CA-2018-167752,2018-01-15,2018-01-18,First Class,RW-19690,Robert Waldorf,Consumer,United States,Philadelphia,Pennsylvania,19134.0,East,OFF-AP-10002945,Office Supplies,Appliances,Honeywell Enviracaire Portable HEPA Air Cleaner for 17' x 22' Room,1924.16,2018-01
2786,CA-2016-149972,2016-09-21,2016-09-23,First Class,CD-12790,Cynthia Delaney,Home Office,United States,Los Angeles,California,90036.0,West,FUR-CH-10004997,Furniture,Chairs,Hon Every-Day Series Multi-Task Chairs,601.536,2016-09
2794,CA-2015-154599,2015-04-12,2015-04-17,Standard Class,KN-16450,Kean Nguyen,Corporate,United States,Redondo Beach,California,90278.0,West,TEC-PH-10001557,Technology,Phones,Pyle PMP37LED,1075.088,2015-04
2801,CA-2017-153318,2017-10-25,2017-10-28,First Class,JS-15595,Jill Stevenson,Corporate,United States,Miami,Florida,33180.0,South,TEC-PH-10000984,Technology,Phones,Panasonic KX-TG9471B,783.96,2017-10
2809,CA-2016-148635,2016-07-25,2016-07-27,Second Class,MH-18025,Michelle Huthwaite,Consumer,United States,Seattle,Washington,98115.0,West,FUR-BO-10002213,Furniture,Bookcases,"Sauder Forest Hills Library, Woodland Oak Finish",704.9,2016-07
2810,CA-2016-148635,2016-07-25,2016-07-27,Second Class,MH-18025,Michelle Huthwaite,Consumer,United States,Seattle,Washington,98115.0,West,FUR-CH-10001854,Furniture,Chairs,Office Star - Professional Matrix Back Chair with 2-to-1 Synchro Tilt and Mesh Fabric Seat,561.568,2016-07
2814,CA-2016-135685,2016-11-16,2016-11-18,Second Class,MP-18175,Mike Pelletier,Home Office,United States,Milwaukee,Wisconsin,53209.0,Central,TEC-AC-10004145,Technology,Accessories,Logitech diNovo Edge Keyboard,999.96,2016-11
2815,CA-2016-135685,2016-11-16,2016-11-18,Second Class,MP-18175,Mike Pelletier,Home Office,United States,Milwaukee,Wisconsin,53209.0,Central,FUR-TA-10000688,Furniture,Tables,"Chromcraft Bull-Nose Wood Round Conference Table Top, Wood Base",653.55,2016-11
2819,CA-2016-104626,2016-09-01,2016-09-08,Standard Class,DR-12940,Daniel Raglin,Home Office,United States,Franklin,Massachusetts,2038.0,East,OFF-ST-10003208,Office Supplies,Storage,Adjustable Depth Letter/Legal Cart,1088.76,2016-09
2839,CA-2017-147368,2017-06-09,2017-06-12,First Class,TC-21295,Toby Carlisle,Consumer,United States,Tallahassee,Florida,32303.0,South,TEC-MA-10002178,Technology,Machines,Cisco CP-7937G Unified IP Conference Station Phone,695.7,2017-06
2841,US-2015-125521,2015-03-14,2015-03-19,Standard Class,CK-12325,Christine Kargatis,Home Office,United States,Chesapeake,Virginia,23320.0,South,FUR-CH-10003379,Furniture,Chairs,Global Commerce Series High-Back Swivel/Tilt Chairs,1139.92,2015-03
2845,US-2017-162852,2017-12-27,2017-12-31,Standard Class,BG-11695,Brooke Gillingham,Corporate,United States,Woodstock,Illinois,60098.0,Central,FUR-CH-10004853,Furniture,Chairs,"Global Manager's Adjustable Task Chair, Storm",845.488,2017-12
2847,CA-2018-152093,2018-09-10,2018-09-15,Standard Class,SN-20560,Skye Norling,Home Office,United States,Chicago,Illinois,60653.0,Central,OFF-BI-10003527,Office Supplies,Binders,Fellowes PB500 Electric Punch Plastic Comb Binding Machine with Manual Bind,762.594,2018-09
2849,CA-2018-157854,2018-04-08,2018-04-15,Standard Class,DM-13345,Denise Monton,Corporate,United States,Roswell,Georgia,30076.0,South,OFF-BI-10001359,Office Supplies,Binders,GBC DocuBind TL300 Electric Binding System,2690.97,2018-04
2857,CA-2017-128594,2017-08-26,2017-08-29,First Class,DJ-13510,Don Jones,Corporate,United States,San Diego,California,92037.0,West,FUR-CH-10001215,Furniture,Chairs,Global Troy Executive Leather Low-Back Tilter,1603.136,2017-08
2861,CA-2018-138975,2018-05-19,2018-05-23,Standard Class,SC-20380,Shahid Collister,Consumer,United States,Atlanta,Georgia,30318.0,South,FUR-BO-10004695,Furniture,Bookcases,O'Sullivan 2-Door Barrister Bookcase in Odessa Pine,1628.82,2018-05
2874,CA-2018-137022,2018-11-16,2018-11-22,Standard Class,SW-20275,Scott Williamson,Consumer,United States,San Diego,California,92105.0,West,OFF-ST-10001963,Office Supplies,Storage,Tennsco Regal Shelving Units,811.28,2018-11
2877,US-2017-167339,2017-01-21,2017-01-23,Second Class,TD-20995,Tamara Dahlen,Consumer,United States,San Diego,California,92037.0,West,FUR-CH-10000785,Furniture,Chairs,Global Ergonomic Managers Chair,1013.488,2017-01
2898,US-2017-164630,2017-01-04,2017-01-09,Standard Class,EB-13975,Erica Bern,Corporate,United States,Charlotte,North Carolina,28205.0,South,TEC-CO-10000971,Technology,Copiers,Hewlett Packard 310 Color Digital Copier,959.968,2017-01
2905,CA-2017-153577,2017-06-27,2017-07-01,Standard Class,KH-16330,Katharine Harms,Corporate,United States,Highland Park,Illinois,60035.0,Central,FUR-CH-10003981,Furniture,Chairs,Global Commerce Series Low-Back Swivel/Tilt Chairs,539.658,2017-06
2929,US-2018-120390,2018-10-19,2018-10-26,Standard Class,TH-21550,Tracy Hopkins,Home Office,United States,Burlington,North Carolina,27217.0,South,OFF-BI-10004995,Office Supplies,Binders,GBC DocuBind P400 Electric Binding System,1633.188,2018-10
2942,CA-2018-155880,2018-03-25,2018-03-31,Standard Class,JD-16150,Justin Deggeller,Corporate,United States,Milwaukee,Wisconsin,53209.0,Central,FUR-CH-10004675,Furniture,Chairs,"Lifetime Advantage Folding Chairs, 4/Carton",1526.56,2018-03
2955,CA-2018-134915,2018-11-12,2018-11-12,Same Day,EM-14140,Eugene Moren,Home Office,United States,Glendale,Arizona,85301.0,West,TEC-PH-10001459,Technology,Phones,Samsung Galaxy Mega 6.3,671.984,2018-11
2979,CA-2015-109232,2015-01-13,2015-01-16,Second Class,ND-18370,Natalie DeCherney,Consumer,United States,Mount Pleasant,South Carolina,29464.0,South,FUR-CH-10000422,Furniture,Chairs,Global Highback Leather Tilter in Burgundy,545.94,2015-01
2988,CA-2017-139269,2017-05-25,2017-05-30,Standard Class,JB-16045,Julia Barnett,Home Office,United States,Columbus,Georgia,31907.0,South,OFF-ST-10000689,Office Supplies,Storage,"Fellowes Strictly Business Drawer File, Letter/Legal Size",1267.65,2017-05
2994,CA-2018-147291,2018-03-11,2018-03-17,Standard Class,MJ-17740,Max Jones,Consumer,United States,Detroit,Michigan,48227.0,Central,OFF-BI-10003091,Office Supplies,Binders,GBC DocuBind TL200 Manual Binding Machine,895.92,2018-03
3007,CA-2018-116519,2018-10-13,2018-10-15,First Class,CR-12730,Craig Reiter,Consumer,United States,New York City,New York,10009.0,East,OFF-AP-10000828,Office Supplies,Appliances,Avanti 4.4 Cu. Ft. Refrigerator,904.9,2018-10
3012,CA-2018-134845,2018-04-17,2018-04-23,Standard Class,SR-20425,Sharelle Roach,Home Office,United States,Louisville,Colorado,80027.0,West,TEC-MA-10000822,Technology,Machines,Lexmark MX611dhe Monochrome Laser Printer,2549.985,2018-04
3017,US-2017-160528,2017-08-23,2017-08-30,Standard Class,MH-18115,Mick Hernandez,Home Office,United States,Pharr,Texas,78577.0,Central,OFF-ST-10002743,Office Supplies,Storage,SAFCO Boltless Steel Shelving,727.296,2017-08
3019,US-2017-160528,2017-08-23,2017-08-30,Standard Class,MH-18115,Mick Hernandez,Home Office,United States,Pharr,Texas,78577.0,Central,TEC-AC-10002842,Technology,Accessories,WD My Passport Ultra 2TB Portable External Hard Drive,666.4,2017-08
3029,CA-2018-116855,2018-12-17,2018-12-21,Standard Class,AI-10855,Arianne Irving,Consumer,United States,Chesapeake,Virginia,23320.0,South,FUR-CH-10003846,Furniture,Chairs,Hon Valutask Swivel Chairs,504.9,2018-12
3044,CA-2018-149559,2018-09-11,2018-09-12,Same Day,KF-16285,Karen Ferguson,Home Office,United States,Long Beach,California,90805.0,West,FUR-CH-10002320,Furniture,Chairs,Hon Pagoda Stacking Chairs,2054.272,2018-09
3045,CA-2016-135174,2016-04-30,2016-05-02,Second Class,BP-11230,Benjamin Patterson,Consumer,United States,Troy,Ohio,45373.0,East,TEC-PH-10001530,Technology,Phones,Cisco Unified IP Phone 7945G VoIP phone,1022.97,2016-04
3054,CA-2017-128517,2017-04-09,2017-04-14,Second Class,SW-20350,Sean Wendt,Home Office,United States,Detroit,Michigan,48227.0,Central,TEC-PH-10002555,Technology,Phones,Nortel Meridian M5316 Digital phone,517.9,2017-04
3056,US-2016-100377,2016-08-28,2016-09-01,Standard Class,TS-21370,Todd Sumrall,Corporate,United States,Chicago,Illinois,60623.0,Central,TEC-CO-10001046,Technology,Copiers,Canon Imageclass D680 Copier / Fax,2799.96,2016-08
3070,US-2018-120089,2018-11-30,2018-11-30,Same Day,ML-17755,Max Ludwig,Home Office,United States,Toledo,Ohio,43615.0,East,OFF-AP-10003779,Office Supplies,Appliances,Kensington 7 Outlet MasterPiece Power Center with Fax/Phone Line Protection,663.936,2018-11
3071,CA-2015-119375,2015-11-17,2015-11-22,Standard Class,YC-21895,Yoseph Carroll,Corporate,United States,Newark,Delaware,19711.0,East,OFF-ST-10002011,Office Supplies,Storage,Smead Adjustable Mobile File Trolley with Lockable Top,2934.33,2015-11
3078,CA-2015-143903,2015-07-20,2015-07-24,Standard Class,KM-16375,Katherine Murray,Home Office,United States,Dallas,Texas,75217.0,Central,FUR-CH-10002024,Furniture,Chairs,HON 5400 Series Task Chairs for Big and Tall,981.372,2015-07
3083,US-2018-132297,2018-05-27,2018-06-02,Standard Class,DW-13480,Dianna Wilson,Home Office,United States,Louisville,Kentucky,40214.0,South,TEC-PH-10002834,Technology,Phones,Google Nexus 5,539.97,2018-05
3090,US-2018-159205,2018-03-31,2018-04-02,Second Class,DB-12910,Daniel Byrd,Home Office,United States,Henderson,Kentucky,42420.0,South,TEC-PH-10000526,Technology,Phones,Vtech CS6719,671.93,2018-03
3102,CA-2018-119578,2018-12-22,2018-12-27,Second Class,JG-15310,Jason Gross,Corporate,United States,Providence,Rhode Island,2908.0,East,OFF-SU-10003505,Office Supplies,Supplies,Premier Electric Letter Opener,695.16,2018-12
3113,CA-2017-150350,2017-08-23,2017-08-30,Standard Class,MS-17770,Maxwell Schwartz,Consumer,United States,Seattle,Washington,98105.0,West,TEC-MA-10001972,Technology,Machines,Okidata C331dn Printer,837.6,2017-08
3116,CA-2017-150350,2017-08-23,2017-08-30,Standard Class,MS-17770,Maxwell Schwartz,Consumer,United States,Seattle,Washington,98105.0,West,FUR-CH-10001973,Furniture,Chairs,Office Star Flex Back Scooter Chair with White Frame,532.704,2017-08
3119,CA-2016-121720,2016-06-11,2016-06-12,First Class,JE-15610,Jim Epp,Corporate,United States,Lakeland,Florida,33801.0,South,FUR-CH-10003312,Furniture,Chairs,Hon 2090 “Pillow Soft” Series Mid Back Swivel/Tilt Chairs,1123.92,2016-06
3125,CA-2016-121720,2016-06-11,2016-06-12,First Class,JE-15610,Jim Epp,Corporate,United States,Lakeland,Florida,33801.0,South,OFF-ST-10001780,Office Supplies,Storage,Tennsco 16-Compartment Lockers with Coat Rack,1036.624,2016-06
3126,CA-2016-121720,2016-06-11,2016-06-12,First Class,JE-15610,Jim Epp,Corporate,United States,Lakeland,Florida,33801.0,South,OFF-ST-10003816,Office Supplies,Storage,Fellowes High-Stak Drawer Files,563.808,2016-06
3132,CA-2015-136399,2015-12-16,2015-12-17,First Class,CC-12100,Chad Cunningham,Home Office,United States,Los Angeles,California,90049.0,West,TEC-PH-10004977,Technology,Phones,GE 30524EE4,627.168,2015-12
3146,CA-2018-131828,2018-02-11,2018-02-13,Second Class,CS-11845,Cari Sayre,Corporate,United States,Seattle,Washington,98105.0,West,FUR-CH-10004495,Furniture,Chairs,"Global Leather and Oak Executive Chair, Black",963.136,2018-02
3151,CA-2016-147830,2016-12-15,2016-12-18,First Class,NF-18385,Natalie Fritzler,Consumer,United States,Newark,Ohio,43055.0,East,TEC-AC-10002049,Technology,Accessories,Plantronics Savi W720 Multi-Device Wireless Headset System,2025.36,2016-12
3152,CA-2016-147830,2016-12-15,2016-12-18,First Class,NF-18385,Natalie Fritzler,Consumer,United States,Newark,Ohio,43055.0,East,TEC-MA-10000418,Technology,Machines,Cubify CubeX 3D Printer Double Head Print,1799.994,2016-12
3155,CA-2018-150497,2018-07-20,2018-07-24,Standard Class,SM-20950,Suzanne McNair,Corporate,United States,Maple Grove,Minnesota,55369.0,Central,OFF-BI-10004600,Office Supplies,Binders,Ibico Ibimaster 300 Manual Binding System,735.98,2018-07
3173,US-2017-133879,2017-03-21,2017-03-28,Standard Class,KT-16465,Kean Takahito,Consumer,United States,Chicago,Illinois,60623.0,Central,FUR-CH-10000665,Furniture,Chairs,"Global Airflow Leather Mesh Back Chair, Black",528.43,2017-03
3183,CA-2018-152912,2018-11-09,2018-11-12,Second Class,BM-11650,Brian Moss,Corporate,United States,Columbia,Maryland,21044.0,East,TEC-AC-10004666,Technology,Accessories,Maxell iVDR EX 500GB Cartridge,826.62,2018-11
3184,CA-2018-152912,2018-11-09,2018-11-12,Second Class,BM-11650,Brian Moss,Corporate,United States,Columbia,Maryland,21044.0,East,OFF-ST-10003208,Office Supplies,Storage,Adjustable Depth Letter/Legal Cart,1633.14,2018-11
3185,CA-2018-152912,2018-11-09,2018-11-12,Second Class,BM-11650,Brian Moss,Corporate,United States,Columbia,Maryland,21044.0,East,OFF-ST-10003208,Office Supplies,Storage,Adjustable Depth Letter/Legal Cart,544.38,2018-11
3203,CA-2015-158372,2015-11-10,2015-11-16,Standard Class,RD-19900,Ruben Dartt,Consumer,United States,San Diego,California,92037.0,West,TEC-PH-10002103,Technology,Phones,Jabra SPEAK 410,601.536,2015-11
3218,CA-2018-104640,2018-11-10,2018-11-16,Standard Class,FH-14275,Frank Hawley,Corporate,United States,New York City,New York,10024.0,East,OFF-BI-10003925,Office Supplies,Binders,Fellowes PB300 Plastic Comb Binding Machine,931.176,2018-11
3263,CA-2015-140662,2015-11-17,2015-11-19,First Class,TS-21205,Thomas Seio,Corporate,United States,San Francisco,California,94109.0,West,OFF-PA-10003395,Office Supplies,Paper,Xerox 1941,733.95,2015-11
3274,CA-2018-133865,2018-05-08,2018-05-12,Standard Class,PS-19045,Penelope Sewall,Home Office,United States,Los Angeles,California,90032.0,West,TEC-CO-10001046,Technology,Copiers,Canon Imageclass D680 Copier / Fax,3359.952,2018-05
3281,CA-2015-102988,2015-04-05,2015-04-09,Second Class,GM-14695,Greg Maxwell,Corporate,United States,Alexandria,Virginia,22304.0,South,OFF-SU-10002881,Office Supplies,Supplies,Martin Yale Chadless Opener Electric Letter Opener,4164.05,2015-04
3296,CA-2018-113418,2018-10-01,2018-10-03,First Class,CM-12655,Corinna Mitchell,Home Office,United States,New York City,New York,10035.0,East,TEC-MA-10002428,Technology,Machines,Fellowes Powershred HS-440 4-Sheet High Security Shredder,1704.89,2018-10
3299,CA-2018-136308,2018-11-16,2018-11-16,Same Day,MW-18235,Mitch Willingham,Corporate,United States,San Francisco,California,94122.0,West,TEC-MA-10000488,Technology,Machines,Bady BDG101FRU Card Printer,1919.976,2018-11
3302,US-2015-159926,2015-11-18,2015-11-22,Standard Class,CS-11950,Carlos Soltero,Consumer,United States,Philadelphia,Pennsylvania,19140.0,East,TEC-PH-10001128,Technology,Phones,Motorola Droid Maxx,539.964,2015-11
3313,US-2015-133130,2015-09-27,2015-10-01,Standard Class,TH-21100,Thea Hendricks,Consumer,United States,San Diego,California,92037.0,West,FUR-CH-10002602,Furniture,Chairs,DMI Arturo Collection Mission-style Design Wood Chair,603.92,2015-09
3321,CA-2015-134551,2015-12-20,2015-12-25,Standard Class,TS-21505,Tony Sayre,Consumer,United States,Columbia,Tennessee,38401.0,South,FUR-CH-10004287,Furniture,Chairs,SAFCO Arco Folding Chair,662.88,2015-12
3325,CA-2015-165309,2015-11-11,2015-11-15,Standard Class,KD-16270,Karen Daniels,Consumer,United States,Houston,Texas,77095.0,Central,OFF-BI-10001359,Office Supplies,Binders,GBC DocuBind TL300 Electric Binding System,896.99,2015-11
3338,US-2018-109253,2018-08-21,2018-08-22,First Class,PR-18880,Patrick Ryan,Consumer,United States,Oakland,California,94601.0,West,FUR-TA-10001539,Furniture,Tables,Chromcraft Rectangular Conference Tables,568.728,2018-08
3371,CA-2017-134887,2017-03-25,2017-03-25,Same Day,TB-21280,Toby Braunhardt,Consumer,United States,Norman,Oklahoma,73071.0,Central,TEC-AC-10003832,Technology,Accessories,Logitech P710e Mobile Speakerphone,1287.45,2017-03
3385,CA-2016-130659,2016-12-04,2016-12-09,Second Class,MS-17365,Maribeth Schnelling,Consumer,United States,New York City,New York,10035.0,East,TEC-PH-10004586,Technology,Phones,Wilson SignalBoost 841262 DB PRO Amplifier Kit,1799.75,2016-12
3386,CA-2018-148404,2018-10-07,2018-10-11,Standard Class,Dp-13240,Dean percer,Home Office,United States,Charlotte,North Carolina,28205.0,South,OFF-ST-10003208,Office Supplies,Storage,Adjustable Depth Letter/Legal Cart,580.672,2018-10
3392,CA-2015-166471,2015-08-09,2015-08-13,Standard Class,MG-17650,Matthew Grinstein,Home Office,United States,Seattle,Washington,98103.0,West,TEC-PH-10001530,Technology,Phones,Cisco Unified IP Phone 7945G VoIP phone,1091.168,2015-08
3400,CA-2015-102274,2015-11-21,2015-11-26,Standard Class,DH-13075,Dave Hallsten,Corporate,United States,Richmond,Kentucky,40475.0,South,OFF-PA-10004359,Office Supplies,Paper,Multicolor Computer Printout Paper,629.1,2015-11
3425,CA-2017-134803,2017-05-28,2017-06-03,Standard Class,CL-12565,Clay Ludtke,Consumer,United States,Los Angeles,California,90004.0,West,TEC-MA-10001972,Technology,Machines,Okidata C331dn Printer,558.4,2017-05
3427,CA-2016-153381,2016-09-24,2016-09-28,Standard Class,DE-13255,Deanra Eno,Home Office,United States,Dubuque,Iowa,52001.0,Central,FUR-CH-10000988,Furniture,Chairs,Hon Olson Stacker Stools,1408.1,2016-09
3444,CA-2018-168858,2018-11-19,2018-11-23,Standard Class,JD-16150,Justin Deggeller,Corporate,United States,New York City,New York,10011.0,East,OFF-AP-10003849,Office Supplies,Appliances,Hoover Shoulder Vac Commercial Portable Vacuum,2504.74,2018-11
3460,CA-2018-136448,2018-09-16,2018-09-18,First Class,AS-10090,Adam Shillingsburg,Consumer,United States,Philadelphia,Pennsylvania,19143.0,East,OFF-BI-10001359,Office Supplies,Binders,GBC DocuBind TL300 Electric Binding System,538.194,2018-09
3481,CA-2017-131289,2017-12-08,2017-12-14,Standard Class,SP-20620,Stefania Perrino,Corporate,United States,San Francisco,California,94110.0,West,FUR-TA-10003954,Furniture,Tables,Hon 94000 Series Round Tables,1421.664,2017-12
3483,CA-2015-124688,2015-08-27,2015-08-29,First Class,CC-12610,Corey Catlett,Corporate,United States,Springfield,Virginia,22153.0,South,TEC-PH-10000455,Technology,Phones,GE 30522EE2,579.95,2015-08
3485,CA-2015-124688,2015-08-27,2015-08-29,First Class,CC-12610,Corey Catlett,Corporate,United States,Springfield,Virginia,22153.0,South,FUR-TA-10003569,Furniture,Tables,Bretford CR8500 Series Meeting Room Furniture,1202.94,2015-08
3495,CA-2018-142034,2018-09-24,2018-09-28,Standard Class,KB-16240,Karen Bern,Corporate,United States,Saint Cloud,Minnesota,56301.0,Central,TEC-AC-10000990,Technology,Accessories,Imation Bio 2GB USB Flash Drive Imation Corp,655.9,2018-09
3496,CA-2018-142034,2018-09-24,2018-09-28,Standard Class,KB-16240,Karen Bern,Corporate,United States,Saint Cloud,Minnesota,56301.0,Central,FUR-CH-10000665,Furniture,Chairs,"Global Airflow Leather Mesh Back Chair, Black",603.92,2018-09
3497,CA-2017-107328,2017-08-08,2017-08-15,Standard Class,CA-12055,Cathy Armstrong,Home Office,United States,Los Angeles,California,90036.0,West,FUR-TA-10001932,Furniture,Tables,"Chromcraft 48"" x 96"" Racetrack Double Pedestal Table",513.024,2017-08
3505,CA-2017-150945,2017-12-18,2017-12-20,Second Class,JK-16120,Julie Kriz,Home Office,United States,New York City,New York,10009.0,East,OFF-ST-10003716,Office Supplies,Storage,Tennsco Double-Tier Lockers,900.08,2017-12
3512,CA-2015-166863,2015-06-20,2015-06-24,Standard Class,SC-20020,Sam Craven,Consumer,United States,Plano,Texas,75023.0,Central,OFF-ST-10004123,Office Supplies,Storage,Safco Industrial Wire Shelving System,509.488,2015-06
3513,CA-2018-140326,2018-09-04,2018-09-06,First Class,HW-14935,Helen Wasserman,Corporate,United States,Chicago,Illinois,60653.0,Central,FUR-BO-10000112,Furniture,Bookcases,"Bush Birmingham Collection Bookcase, Dark Cherry",825.174,2018-09
3519,US-2017-113649,2017-08-09,2017-08-12,First Class,HA-14920,Helen Andreada,Consumer,United States,Fayetteville,North Carolina,28314.0,South,OFF-AP-10002518,Office Supplies,Appliances,Kensington 7 Outlet MasterPiece Power Center,569.536,2017-08
3520,CA-2016-124975,2016-06-22,2016-06-25,First Class,MG-17875,Michael Grace,Home Office,United States,Aurora,Illinois,60505.0,Central,FUR-TA-10002645,Furniture,Tables,Hon Rectangular Conference Tables,796.425,2016-06
3525,CA-2017-132731,2017-11-24,2017-11-28,Standard Class,GA-14515,George Ashbrook,Consumer,United States,Dallas,Texas,75081.0,Central,TEC-PH-10004120,Technology,Phones,AT&T 1080 Phone,657.552,2017-11
3526,CA-2018-148922,2018-12-10,2018-12-15,Second Class,SU-20665,Stephanie Ulpright,Home Office,United States,Jackson,Mississippi,39212.0,South,TEC-AC-10001838,Technology,Accessories,Razer Tiamat Over Ear 7.1 Surround Sound PC Gaming Headset,599.97,2018-12
3552,CA-2017-152555,2017-03-29,2017-04-02,Second Class,ME-17320,Maria Etezadi,Home Office,United States,Chicago,Illinois,60653.0,Central,FUR-CH-10002965,Furniture,Chairs,"Global Leather Highback Executive Chair with Pneumatic Height Adjustment, Black",844.116,2017-03
3553,CA-2017-152555,2017-03-29,2017-04-02,Second Class,ME-17320,Maria Etezadi,Home Office,United States,Chicago,Illinois,60653.0,Central,TEC-PH-10001254,Technology,Phones,Jabra BIZ 2300 Duo QD Duo Corded Headset,812.736,2017-03
3556,CA-2015-120838,2015-03-23,2015-03-26,Second Class,PO-18865,Patrick O'Donnell,Consumer,United States,Los Angeles,California,90036.0,West,TEC-PH-10003484,Technology,Phones,Ooma Telo VoIP Home Phone System,604.752,2015-03
3567,CA-2018-103877,2018-09-07,2018-09-14,Standard Class,RD-19660,Robert Dilbeck,Home Office,United States,Independence,Missouri,64055.0,Central,OFF-BI-10003650,Office Supplies,Binders,GBC DocuBind 300 Electric Binding Machine,1577.94,2018-09
3570,CA-2018-168109,2018-07-03,2018-07-03,Same Day,JK-15640,Jim Kriz,Home Office,United States,Seattle,Washington,98105.0,West,TEC-MA-10001148,Technology,Machines,Okidata MB491 Multifunction Printer,2395.2,2018-07
3571,CA-2018-168109,2018-07-03,2018-07-03,Same Day,JK-15640,Jim Kriz,Home Office,United States,Seattle,Washington,98105.0,West,TEC-AC-10002049,Technology,Accessories,Plantronics Savi W720 Multi-Device Wireless Headset System,1687.8,2018-07
3581,CA-2017-104157,2017-07-25,2017-07-29,Standard Class,MT-17815,Meg Tillman,Consumer,United States,Jackson,Mississippi,39212.0,South,FUR-TA-10004915,Furniture,Tables,"Office Impressions End Table, 20-1/2""H x 24""W x 20""D",2430.08,2017-07
3584,CA-2016-121650,2016-12-10,2016-12-16,Standard Class,KD-16495,Keith Dawkins,Corporate,United States,Jackson,Michigan,49201.0,Central,FUR-TA-10003569,Furniture,Tables,Bretford CR8500 Series Meeting Room Furniture,801.96,2016-12
3588,CA-2018-121839,2018-09-24,2018-09-28,Standard Class,MH-18115,Mick Hernandez,Home Office,United States,Lancaster,Ohio,43130.0,East,TEC-PH-10002885,Technology,Phones,Apple iPhone 5,1169.694,2018-09
3589,CA-2018-158729,2018-12-19,2018-12-21,First Class,AC-10450,Amy Cox,Consumer,United States,Lafayette,Louisiana,70506.0,South,OFF-SU-10002881,Office Supplies,Supplies,Martin Yale Chadless Opener Electric Letter Opener,1665.62,2018-12
3591,CA-2018-146535,2018-11-24,2018-11-30,Standard Class,FM-14290,Frank Merwin,Home Office,United States,Richmond,Kentucky,40475.0,South,OFF-ST-10001526,Office Supplies,Storage,Iceberg Mobile Mega Data/Printer Cart,1443.96,2018-11
3603,CA-2015-159835,2015-11-17,2015-11-24,Standard Class,RB-19330,Randy Bradley,Consumer,United States,Philadelphia,Pennsylvania,19143.0,East,FUR-CH-10004997,Furniture,Chairs,Hon Every-Day Series Multi-Task Chairs,657.93,2015-11
3615,CA-2018-112529,2018-11-19,2018-11-21,First Class,SC-20770,Stewart Carmichael,Corporate,United States,San Antonio,Texas,78207.0,Central,FUR-TA-10002622,Furniture,Tables,"Bush Andora Conference Table, Maple/Graphite Gray Finish",718.116,2018-11
3625,CA-2018-113530,2018-05-19,2018-05-21,Second Class,BC-11125,Becky Castell,Home Office,United States,San Francisco,California,94109.0,West,FUR-CH-10002647,Furniture,Chairs,"Situations Contoured Folding Chairs, 4/Set",681.408,2018-05
3629,CA-2015-169726,2015-08-09,2015-08-13,Standard Class,JH-15985,Joseph Holt,Consumer,United States,Seattle,Washington,98103.0,West,OFF-BI-10004600,Office Supplies,Binders,Ibico Ibimaster 300 Manual Binding System,2060.744,2015-08
3633,CA-2018-132178,2018-05-03,2018-05-08,Second Class,DB-12970,Darren Budd,Corporate,United States,Los Angeles,California,90004.0,West,OFF-ST-10000025,Office Supplies,Storage,Fellowes Stor/Drawer Steel Plus Storage Drawers,763.44,2018-05
3655,CA-2018-133004,2018-08-31,2018-09-05,Standard Class,AJ-10945,Ashley Jarboe,Consumer,United States,Lawrence,Indiana,46226.0,Central,OFF-AP-10002439,Office Supplies,Appliances,Tripp Lite Isotel 8 Ultra 8 Outlet Metal Surge,638.73,2018-08
3705,CA-2016-104941,2016-06-13,2016-06-19,Standard Class,DH-13075,Dave Hallsten,Corporate,United States,Decatur,Alabama,35601.0,South,TEC-CO-10004202,Technology,Copiers,Brother DCP1000 Digital 3 in 1 Multifunction Machine,899.97,2016-06
3711,CA-2018-113670,2018-10-15,2018-10-17,First Class,RS-19765,Roland Schwarz,Corporate,United States,Los Angeles,California,90045.0,West,FUR-TA-10001705,Furniture,Tables,Bush Advantage Collection Round Conference Table,510.24,2018-10
3716,CA-2015-135608,2015-12-08,2015-12-10,Second Class,JK-15625,Jim Karlsson,Consumer,United States,Olympia,Washington,98502.0,West,FUR-CH-10002602,Furniture,Chairs,DMI Arturo Collection Mission-style Design Wood Chair,603.92,2015-12
3724,US-2015-169789,2015-12-30,2016-01-04,Standard Class,MF-17665,Maureen Fritzler,Corporate,United States,Phoenix,Arizona,85023.0,West,OFF-BI-10004600,Office Supplies,Binders,Ibico Ibimaster 300 Manual Binding System,551.985,2015-12
3731,CA-2016-109575,2016-09-18,2016-09-23,Standard Class,KH-16630,Ken Heidel,Corporate,United States,Clinton,Maryland,20735.0,East,OFF-ST-10004123,Office Supplies,Storage,Safco Industrial Wire Shelving System,636.86,2016-09
3733,CA-2016-109575,2016-09-18,2016-09-23,Standard Class,KH-16630,Ken Heidel,Corporate,United States,Clinton,Maryland,20735.0,East,TEC-PH-10000895,Technology,Phones,Polycom VVX 310 VoIP phone,1259.93,2016-09
3750,CA-2018-161956,2018-08-27,2018-08-29,Second Class,DR-12880,Dan Reichenbach,Corporate,United States,Inglewood,California,90301.0,West,TEC-CO-10001571,Technology,Copiers,Sharp 1540cs Digital Laser Copier,879.984,2018-08
3754,CA-2018-161956,2018-08-27,2018-08-29,Second Class,DR-12880,Dan Reichenbach,Corporate,United States,Inglewood,California,90301.0,West,OFF-BI-10003650,Office Supplies,Binders,GBC DocuBind 300 Electric Binding Machine,841.568,2018-08
3757,CA-2017-116799,2017-03-03,2017-03-06,First Class,JG-15310,Jason Gross,Corporate,United States,Odessa,Texas,79762.0,Central,FUR-CH-10004983,Furniture,Chairs,Office Star - Mid Back Dual function Ergonomic High Back Chair with 2-Way Adjustable Arms,563.43,2017-03
3769,CA-2015-153913,2015-12-16,2015-12-20,Second Class,KB-16585,Ken Black,Corporate,United States,Hialeah,Florida,33012.0,South,FUR-CH-10000988,Furniture,Chairs,Hon Olson Stacker Stools,1013.832,2015-12
3771,CA-2017-155530,2017-12-17,2017-12-21,Standard Class,CM-12160,Charles McCrossin,Consumer,United States,San Francisco,California,94122.0,West,FUR-TA-10004256,Furniture,Tables,Bretford “Just In Time” Height-Adjustable Multi-Task Work Tables,2003.52,2017-12
3778,CA-2016-107937,2016-05-03,2016-05-08,Standard Class,JB-16045,Julia Barnett,Home Office,United States,Chula Vista,California,91911.0,West,FUR-FU-10002298,Furniture,Furnishings,"Rubbermaid ClusterMat Chairmats, Mat Size- 66"" x 60"", Lip 20"" x 11"" -90 Degree Angle",665.88,2016-05
3784,CA-2018-165204,2018-11-13,2018-11-16,Second Class,MN-17935,Michael Nguyen,Consumer,United States,Memphis,Tennessee,38109.0,South,OFF-ST-10003716,Office Supplies,Storage,Tennsco Double-Tier Lockers,720.064,2018-11
3787,CA-2017-144218,2017-10-31,2017-11-04,Standard Class,JD-15895,Jonathan Doherty,Corporate,United States,Los Angeles,California,90045.0,West,OFF-ST-10002615,Office Supplies,Storage,"Dual Level, Single-Width Filing Carts",1085.42,2017-10
3799,CA-2018-147760,2018-11-04,2018-11-05,First Class,KL-16555,Kelly Lampkin,Corporate,United States,Greensboro,North Carolina,27405.0,South,FUR-TA-10004575,Furniture,Tables,Hon 5100 Series Wood Tables,523.764,2018-11
3800,CA-2018-147760,2018-11-04,2018-11-05,First Class,KL-16555,Kelly Lampkin,Corporate,United States,Greensboro,North Carolina,27405.0,South,TEC-PH-10002483,Technology,Phones,Motorola Moto X,1359.96,2018-11
3810,CA-2016-113628,2016-11-12,2016-11-19,Standard Class,AH-10690,Anna Häberlin,Corporate,United States,Plantation,Florida,33317.0,South,FUR-CH-10003298,Furniture,Chairs,"Office Star - Contemporary Task Swivel chair with Loop Arms, Charcoal",523.92,2016-11
3815,CA-2017-152471,2017-07-08,2017-07-08,Same Day,ZD-21925,Zuschuss Donatelli,Consumer,United States,Jacksonville,Florida,32216.0,South,TEC-PH-10002824,Technology,Phones,Jabra SPEAK 410 Multidevice Speakerphone,823.96,2017-07
3817,CA-2016-102582,2016-09-15,2016-09-19,Standard Class,NW-18400,Natalie Webber,Consumer,United States,Mobile,Alabama,36608.0,South,FUR-TA-10003569,Furniture,Tables,Bretford CR8500 Series Meeting Room Furniture,801.96,2016-09
3819,CA-2016-102582,2016-09-15,2016-09-19,Standard Class,NW-18400,Natalie Webber,Consumer,United States,Mobile,Alabama,36608.0,South,FUR-CH-10004853,Furniture,Chairs,"Global Manager's Adjustable Task Chair, Storm",1056.86,2016-09
3824,CA-2016-140984,2016-09-14,2016-09-18,Standard Class,CC-12685,Craig Carroll,Consumer,United States,New York City,New York,10011.0,East,OFF-ST-10000585,Office Supplies,Storage,Economy Rollaway Files,991.2,2016-09
3825,CA-2016-140984,2016-09-14,2016-09-18,Standard Class,CC-12685,Craig Carroll,Consumer,United States,New York City,New York,10011.0,East,TEC-CO-10001571,Technology,Copiers,Sharp 1540cs Digital Laser Copier,879.984,2016-09
3828,CA-2018-141733,2018-05-07,2018-05-11,Standard Class,RW-19540,Rick Wilson,Corporate,United States,Detroit,Michigan,48234.0,Central,FUR-CH-10004086,Furniture,Chairs,Hon 4070 Series Pagoda Armless Upholstered Stacking Chairs,1458.65,2018-05
3834,CA-2015-105984,2015-11-24,2015-11-24,Same Day,MY-18295,Muhammed Yedwab,Corporate,United States,Columbus,Ohio,43229.0,East,TEC-PH-10000560,Technology,Phones,Samsung Galaxy S III - 16GB - pebble blue (T-Mobile),1049.97,2015-11
3835,CA-2015-105984,2015-11-24,2015-11-24,Same Day,MY-18295,Muhammed Yedwab,Corporate,United States,Columbus,Ohio,43229.0,East,FUR-CH-10000847,Furniture,Chairs,Global Executive Mid-Back Manager's Chair,611.058,2015-11
3838,CA-2015-126760,2015-07-26,2015-08-02,Standard Class,KM-16720,Kunst Miller,Consumer,United States,North Las Vegas,Nevada,89031.0,West,TEC-PH-10001363,Technology,Phones,Apple iPhone 5S,911.984,2015-07
3839,CA-2015-126760,2015-07-26,2015-08-02,Standard Class,KM-16720,Kunst Miller,Consumer,United States,North Las Vegas,Nevada,89031.0,West,FUR-CH-10003312,Furniture,Chairs,Hon 2090 “Pillow Soft” Series Mid Back Swivel/Tilt Chairs,674.352,2015-07
3846,CA-2015-101931,2015-10-28,2015-10-31,First Class,TS-21370,Todd Sumrall,Corporate,United States,Los Angeles,California,90049.0,West,FUR-BO-10001337,Furniture,Bookcases,O'Sullivan Living Dimensions 2-Shelf Bookcases,616.998,2015-10
3848,CA-2018-129000,2018-11-25,2018-11-27,Second Class,SZ-20035,Sam Zeldin,Home Office,United States,Canton,Michigan,48187.0,Central,OFF-ST-10001097,Office Supplies,Storage,Office Impressions Heavy Duty Welded Shelving & Multimedia Storage Drawers,501.81,2018-11
3849,CA-2018-161053,2018-09-22,2018-09-23,First Class,JE-15745,Joel Eaton,Consumer,United States,Fayetteville,Arkansas,72701.0,South,OFF-BI-10004318,Office Supplies,Binders,Ibico EB-19 Dual Function Manual Binding System,691.96,2018-09
3857,US-2018-105389,2018-10-23,2018-10-28,Second Class,DM-13015,Darrin Martin,Consumer,United States,San Antonio,Texas,78207.0,Central,TEC-PH-10002824,Technology,Phones,Jabra SPEAK 410 Multidevice Speakerphone,823.96,2018-10
3873,CA-2016-132486,2016-10-23,2016-10-27,Second Class,JF-15355,Jay Fein,Consumer,United States,San Diego,California,92105.0,West,FUR-CH-10001854,Furniture,Chairs,Office Star - Professional Matrix Back Chair with 2-to-1 Synchro Tilt and Mesh Fabric Seat,842.352,2016-10
3891,US-2017-163881,2017-11-24,2017-11-30,Standard Class,SP-20860,Sung Pak,Corporate,United States,Los Angeles,California,90036.0,West,TEC-AC-10003033,Technology,Accessories,Plantronics CS510 - Over-the-Head monaural Wireless Headset System,659.9,2017-11
3892,US-2017-163881,2017-11-24,2017-11-30,Standard Class,SP-20860,Sung Pak,Corporate,United States,Los Angeles,California,90036.0,West,FUR-CH-10001394,Furniture,Chairs,Global Leather Executive Chair,1684.752,2017-11
3893,US-2017-163881,2017-11-24,2017-11-30,Standard Class,SP-20860,Sung Pak,Corporate,United States,Los Angeles,California,90036.0,West,TEC-AC-10000420,Technology,Accessories,Logitech G500s Laser Gaming Mouse with Adjustable Weight Tuning,559.92,2017-11
3905,CA-2016-167010,2016-04-05,2016-04-10,Standard Class,VT-21700,Valerie Takahito,Home Office,United States,Philadelphia,Pennsylvania,19143.0,East,OFF-ST-10003816,Office Supplies,Storage,Fellowes High-Stak Drawer Files,563.808,2016-04
3907,CA-2016-167010,2016-04-05,2016-04-10,Standard Class,VT-21700,Valerie Takahito,Home Office,United States,Philadelphia,Pennsylvania,19143.0,East,FUR-FU-10001468,Furniture,Furnishings,Tenex Antistatic Computer Chair Mats,547.136,2016-04
3915,US-2018-142573,2018-07-18,2018-07-23,Standard Class,ML-17410,Maris LaWare,Consumer,United States,Phoenix,Arizona,85023.0,West,FUR-TA-10001932,Furniture,Tables,"Chromcraft 48"" x 96"" Racetrack Double Pedestal Table",801.6,2018-07
3940,US-2017-143448,2017-12-10,2017-12-10,Same Day,MH-17455,Mark Hamilton,Consumer,United States,Greenwood,Indiana,46142.0,Central,FUR-CH-10003379,Furniture,Chairs,Global Commerce Series High-Back Swivel/Tilt Chairs,1424.9,2017-12
3944,US-2017-142685,2017-06-23,2017-06-30,Standard Class,MG-17695,Maureen Gnade,Consumer,United States,Buffalo,New York,14215.0,East,OFF-SU-10000157,Office Supplies,Supplies,Compact Automatic Electric Letter Opener,835.17,2017-06
3984,CA-2017-135265,2017-07-07,2017-07-09,Second Class,CC-12370,Christopher Conant,Consumer,United States,Los Angeles,California,90045.0,West,TEC-CO-10003763,Technology,Copiers,Canon PC1060 Personal Laser Copier,2799.96,2017-07
3987,CA-2018-112333,2018-04-08,2018-04-14,Standard Class,KF-16285,Karen Ferguson,Home Office,United States,Plainfield,New Jersey,7060.0,East,OFF-ST-10001780,Office Supplies,Storage,Tennsco 16-Compartment Lockers with Coat Rack,2591.56,2018-04
3995,CA-2016-105627,2016-03-08,2016-03-12,Standard Class,DK-12895,Dana Kaydos,Consumer,United States,Kenosha,Wisconsin,53142.0,Central,FUR-BO-10002916,Furniture,Bookcases,"Rush Hierlooms Collection 1"" Thick Stackable Bookcases",512.94,2016-03
3996,CA-2016-105627,2016-03-08,2016-03-12,Standard Class,DK-12895,Dana Kaydos,Consumer,United States,Kenosha,Wisconsin,53142.0,Central,FUR-CH-10002084,Furniture,Chairs,Hon Mobius Operator's Chair,860.93,2016-03
3997,CA-2016-105627,2016-03-08,2016-03-12,Standard Class,DK-12895,Dana Kaydos,Consumer,United States,Kenosha,Wisconsin,53142.0,Central,TEC-PH-10003012,Technology,Phones,Nortel Meridian M3904 Professional Digital phone,769.95,2016-03
4003,CA-2017-145730,2017-03-03,2017-03-08,Standard Class,CC-12220,Chris Cortes,Consumer,United States,San Antonio,Texas,78207.0,Central,FUR-TA-10004915,Furniture,Tables,"Office Impressions End Table, 20-1/2""H x 24""W x 20""D",637.896,2017-03
4014,CA-2016-165624,2016-08-23,2016-08-28,Standard Class,FH-14350,Fred Harton,Consumer,United States,Atlanta,Georgia,30318.0,South,OFF-AP-10000828,Office Supplies,Appliances,Avanti 4.4 Cu. Ft. Refrigerator,542.94,2016-08
4023,CA-2015-154963,2015-06-22,2015-06-27,Standard Class,AA-10645,Anna Andreadi,Consumer,United States,Chester,Pennsylvania,19013.0,East,FUR-CH-10000454,Furniture,Chairs,"Hon Deluxe Fabric Upholstered Stacking Chairs, Rounded Back",853.93,2015-06
4024,CA-2018-130764,2018-10-27,2018-10-28,First Class,JO-15145,Jack O'Briant,Corporate,United States,San Francisco,California,94110.0,West,FUR-BO-10003034,Furniture,Bookcases,"O'Sullivan Elevations Bookcase, Cherry Finish",556.665,2018-10
4040,CA-2015-110786,2015-12-29,2016-01-02,Standard Class,AJ-10795,Anthony Johnson,Corporate,United States,San Francisco,California,94110.0,West,TEC-MA-10003183,Technology,Machines,DYMO CardScan Personal V9 Business Card Scanner,767.952,2015-12
4049,US-2016-166520,2016-07-16,2016-07-19,First Class,KE-16420,Katrina Edelman,Corporate,United States,New York City,New York,10035.0,East,TEC-AC-10001990,Technology,Accessories,Kensington Orbit Wireless Mobile Trackball for PC and Mac,599.9,2016-07
4056,CA-2015-122931,2015-09-29,2015-10-03,Standard Class,SM-20950,Suzanne McNair,Corporate,United States,Philadelphia,Pennsylvania,19134.0,East,OFF-ST-10004459,Office Supplies,Storage,Tennsco Single-Tier Lockers,1801.632,2015-09
4058,CA-2015-163034,2015-11-24,2015-11-28,Standard Class,DK-12985,Darren Koutras,Consumer,United States,Chicago,Illinois,60610.0,Central,OFF-ST-10000046,Office Supplies,Storage,Fellowes Super Stor/Drawer Files,646.2,2015-11
4060,CA-2016-124058,2016-11-20,2016-11-24,Standard Class,LC-16885,Lena Creighton,Consumer,United States,Oakland,California,94601.0,West,FUR-CH-10000595,Furniture,Chairs,Safco Contoured Stacking Chairs,572.16,2016-11
4069,CA-2015-102673,2015-11-01,2015-11-05,Standard Class,KH-16630,Ken Heidel,Corporate,United States,Charlotte,North Carolina,28205.0,South,TEC-PH-10004434,Technology,Phones,Cisco IP Phone 7961G VoIP phone - Dark gray,978.84,2015-11
4073,CA-2016-156104,2016-12-06,2016-12-08,Second Class,NP-18685,Nora Pelletier,Home Office,United States,Indianapolis,Indiana,46203.0,Central,TEC-CO-10002095,Technology,Copiers,Hewlett Packard 610 Color Digital Copier / Printer,999.98,2016-12
4074,US-2016-164308,2016-09-24,2016-09-27,First Class,SC-20680,Steve Carroll,Home Office,United States,Broken Arrow,Oklahoma,74012.0,Central,TEC-PH-10004120,Technology,Phones,AT&T 1080 Phone,821.94,2016-09
4089,US-2015-156559,2015-08-19,2015-08-26,Standard Class,LH-16900,Lena Hernandez,Consumer,United States,Jonesboro,Arkansas,72401.0,South,FUR-BO-10000711,Furniture,Bookcases,"Hon Metal Bookcases, Gray",638.82,2015-08
4094,CA-2016-102491,2016-08-24,2016-08-28,Standard Class,KW-16435,Katrina Willman,Consumer,United States,Florence,Kentucky,41042.0,South,TEC-MA-10000864,Technology,Machines,Cisco 9971 IP Video Phone Charcoal,3080.0,2016-08
4096,CA-2016-102491,2016-08-24,2016-08-28,Standard Class,KW-16435,Katrina Willman,Consumer,United States,Florence,Kentucky,41042.0,South,TEC-PH-10001619,Technology,Phones,LG G3,587.97,2016-08
4099,CA-2015-116904,2015-09-23,2015-09-28,Standard Class,SC-20095,Sanjit Chand,Consumer,United States,Minneapolis,Minnesota,55407.0,Central,OFF-BI-10001120,Office Supplies,Binders,Ibico EPK-21 Electric Binding System,9449.95,2015-09
4116,CA-2017-163573,2017-11-24,2017-11-27,First Class,AC-10450,Amy Cox,Consumer,United States,Seattle,Washington,98105.0,West,OFF-BI-10004632,Office Supplies,Binders,Ibico Hi-Tech Manual Binding System,1219.96,2017-11
4129,CA-2015-127299,2015-09-19,2015-09-24,Standard Class,JL-15835,John Lee,Consumer,United States,Charlotte,North Carolina,28205.0,South,TEC-MA-10001127,Technology,Machines,"HP Designjet T520 Inkjet Large Format Printer - 24"" Color",2624.985,2015-09
4137,CA-2018-105914,2018-10-02,2018-10-08,Standard Class,PV-18985,Paul Van Hugh,Home Office,United States,Los Angeles,California,90036.0,West,OFF-ST-10003716,Office Supplies,Storage,Tennsco Double-Tier Lockers,1575.14,2018-10
4161,CA-2018-115546,2018-05-14,2018-05-18,Standard Class,AH-10465,Amy Hunt,Consumer,United States,New York City,New York,10035.0,East,TEC-PH-10002834,Technology,Phones,Google Nexus 5,539.97,2018-05
4164,CA-2016-163587,2016-03-14,2016-03-18,Standard Class,EP-13915,Emily Phan,Consumer,United States,Dover,New Hampshire,3820.0,East,OFF-BI-10003091,Office Supplies,Binders,GBC DocuBind TL200 Manual Binding Machine,671.94,2016-03
4177,CA-2015-128846,2015-04-07,2015-04-12,Standard Class,RS-19765,Roland Schwarz,Corporate,United States,Columbia,South Carolina,29203.0,South,TEC-PH-10003273,Technology,Phones,AT&T TR1909W,629.95,2015-04
4191,CA-2018-166709,2018-11-17,2018-11-22,Standard Class,HL-15040,Hunter Lopez,Consumer,United States,Newark,Delaware,19711.0,East,TEC-CO-10004722,Technology,Copiers,Canon imageCLASS 2200 Advanced Copier,10499.97,2018-11
4193,CA-2016-150875,2016-11-16,2016-11-20,Standard Class,HK-14890,Heather Kirkland,Corporate,United States,Boise,Idaho,83704.0,West,FUR-TA-10000577,Furniture,Tables,Bretford CR4500 Series Slim Rectangular Table,696.42,2016-11
4201,CA-2016-143105,2016-12-10,2016-12-10,Same Day,MA-17560,Matt Abelman,Home Office,United States,New York City,New York,10024.0,East,TEC-CO-10002095,Technology,Copiers,Hewlett Packard 610 Color Digital Copier / Printer,799.984,2016-12
4209,CA-2015-145387,2015-10-31,2015-11-02,Second Class,AM-10705,Anne McFarland,Consumer,United States,Cranston,Rhode Island,2920.0,East,FUR-CH-10002320,Furniture,Chairs,Hon Pagoda Stacking Chairs,1604.9,2015-10
4219,CA-2018-149881,2018-04-01,2018-04-03,First Class,NC-18535,Nick Crebassa,Corporate,United States,San Francisco,California,94110.0,West,TEC-MA-10000418,Technology,Machines,Cubify CubeX 3D Printer Double Head Print,4799.984,2018-04
4247,CA-2018-117702,2018-11-28,2018-12-04,Standard Class,LS-16975,Lindsay Shagiari,Home Office,United States,Baltimore,Maryland,21215.0,East,FUR-FU-10000576,Furniture,Furnishings,Luxo Professional Fluorescent Magnifier Lamp with Clamp-Mount Base,1049.2,2018-11
4250,CA-2017-157336,2017-12-01,2017-12-05,Second Class,SJ-20500,Shirley Jackson,Consumer,United States,Fairfield,Connecticut,6824.0,East,FUR-CH-10004997,Furniture,Chairs,Hon Every-Day Series Multi-Task Chairs,751.92,2017-12
4251,CA-2015-168130,2015-09-19,2015-09-19,Same Day,BS-11365,Bill Shonely,Corporate,United States,New York City,New York,10011.0,East,FUR-CH-10000988,Furniture,Chairs,Hon Olson Stacker Stools,887.103,2015-09
4265,US-2017-131611,2017-11-05,2017-11-09,Standard Class,EP-13915,Emily Phan,Consumer,United States,Houston,Texas,77036.0,Central,FUR-TA-10002774,Furniture,Tables,Laminate Occasional Tables,863.128,2017-11
4267,US-2017-131611,2017-11-05,2017-11-09,Standard Class,EP-13915,Emily Phan,Consumer,United States,Houston,Texas,77036.0,Central,FUR-BO-10000780,Furniture,Bookcases,O'Sullivan Plantations 2-Door Library in Landvery Oak,956.6648,2017-11
4270,US-2018-124821,2018-06-25,2018-06-29,Second Class,AM-10705,Anne McFarland,Consumer,United States,Seattle,Washington,98115.0,West,FUR-TA-10000688,Furniture,Tables,"Chromcraft Bull-Nose Wood Round Conference Table Top, Wood Base",871.4,2018-06
4271,CA-2016-166975,2016-11-26,2016-11-30,Standard Class,SH-20635,Stefanie Holloman,Corporate,United States,Jackson,Tennessee,38301.0,South,FUR-FU-10003930,Furniture,Furnishings,Howard Miller 12-3/4 Diameter Accuwave DS  Wall Clock,692.472,2016-11
4278,US-2017-107440,2017-04-16,2017-04-20,Standard Class,BS-11365,Bill Shonely,Corporate,United States,Lakewood,New Jersey,8701.0,East,TEC-MA-10001047,Technology,Machines,"3D Systems Cube Printer, 2nd Generation, Magenta",9099.93,2017-04
4284,CA-2015-103100,2015-12-20,2015-12-23,First Class,AB-10105,Adrian Barton,Consumer,United States,Indianapolis,Indiana,46203.0,Central,OFF-BI-10004600,Office Supplies,Binders,Ibico Ibimaster 300 Manual Binding System,1103.97,2015-12
4292,CA-2018-102407,2018-12-09,2018-12-13,Second Class,AT-10435,Alyssa Tate,Home Office,United States,Los Angeles,California,90004.0,West,FUR-TA-10003748,Furniture,Tables,Bevis 36 x 72 Conference Tables,896.328,2018-12
4298,CA-2018-129021,2018-08-23,2018-08-26,Second Class,PO-18850,Patrick O'Brill,Consumer,United States,Tallahassee,Florida,32303.0,South,TEC-PH-10001459,Technology,Phones,Samsung Galaxy Mega 6.3,4367.896,2018-08
4309,CA-2015-125829,2015-11-04,2015-11-11,Standard Class,WB-21850,William Brown,Consumer,United States,Los Angeles,California,90045.0,West,TEC-PH-10001079,Technology,Phones,Polycom SoundPoint Pro SE-225 Corded phone,666.344,2015-11
4310,CA-2015-125829,2015-11-04,2015-11-11,Standard Class,WB-21850,William Brown,Consumer,United States,Los Angeles,California,90045.0,West,FUR-TA-10002041,Furniture,Tables,"Bevis Round Conference Table Top, X-Base",573.728,2015-11
4342,CA-2018-130309,2018-12-17,2018-12-21,Standard Class,GB-14575,Giulietta Baptist,Consumer,United States,Arlington,Virginia,22204.0,South,OFF-ST-10003208,Office Supplies,Storage,Adjustable Depth Letter/Legal Cart,544.38,2018-12
4344,CA-2018-105410,2018-03-19,2018-03-22,First Class,ND-18370,Natalie DeCherney,Consumer,United States,San Francisco,California,94110.0,West,TEC-PH-10000038,Technology,Phones,Jawbone MINI JAMBOX Wireless Bluetooth Speaker,657.504,2018-03
4347,CA-2017-120355,2017-09-18,2017-09-25,Standard Class,MM-17260,Magdelene Morse,Consumer,United States,New Rochelle,New York,10801.0,East,FUR-CH-10001394,Furniture,Chairs,Global Leather Executive Chair,631.782,2017-09
4356,CA-2016-155600,2016-12-04,2016-12-07,Second Class,RO-19780,Rose O'Brian,Consumer,United States,Clarksville,Tennessee,37042.0,South,OFF-BI-10000545,Office Supplies,Binders,GBC Ibimaster 500 Manual ProClick Binding System,1598.058,2016-12
4360,CA-2018-162565,2018-12-11,2018-12-11,Same Day,RR-19315,Ralph Ritter,Consumer,United States,Aurora,Illinois,60505.0,Central,FUR-CH-10003973,Furniture,Chairs,GuestStacker Chair with Chrome Finish Legs,520.464,2018-12
4365,CA-2018-111332,2018-05-20,2018-05-22,Second Class,NC-18340,Nat Carroll,Consumer,United States,Fargo,North Dakota,58103.0,Central,OFF-ST-10003816,Office Supplies,Storage,Fellowes High-Stak Drawer Files,704.76,2018-05
4378,CA-2015-166954,2015-04-25,2015-04-30,Standard Class,BT-11305,Beth Thompson,Home Office,United States,San Gabriel,California,91776.0,West,FUR-CH-10003973,Furniture,Chairs,GuestStacker Chair with Chrome Finish Legs,1487.04,2015-04
4386,US-2016-122784,2016-07-20,2016-07-27,Standard Class,RA-19915,Russell Applegate,Consumer,United States,Highland Park,Illinois,60035.0,Central,FUR-BO-10002545,Furniture,Bookcases,"Atlantic Metals Mobile 3-Shelf Bookcases, Custom Colors",913.43,2016-07
4391,CA-2018-111556,2018-11-20,2018-11-22,First Class,CD-11920,Carlos Daly,Consumer,United States,New York City,New York,10035.0,East,TEC-PH-10001459,Technology,Phones,Samsung Galaxy Mega 6.3,1259.97,2018-11
4401,CA-2017-131737,2017-03-17,2017-03-17,Same Day,GZ-14470,Gary Zandusky,Consumer,United States,Columbia,Maryland,21044.0,East,OFF-AP-10002945,Office Supplies,Appliances,Honeywell Enviracaire Portable HEPA Air Cleaner for 17' x 22' Room,901.95,2017-03
4402,CA-2017-131737,2017-03-17,2017-03-17,Same Day,GZ-14470,Gary Zandusky,Consumer,United States,Columbia,Maryland,21044.0,East,FUR-FU-10004306,Furniture,Furnishings,Electrix Halogen Magnifier Lamp,971.5,2017-03
4413,CA-2015-130624,2015-06-21,2015-06-24,First Class,TB-21280,Toby Braunhardt,Consumer,United States,New York City,New York,10024.0,East,TEC-PH-10003963,Technology,Phones,GE 2-Jack Phone Line Splitter,617.97,2015-06
4416,CA-2015-153983,2015-11-29,2015-12-06,Standard Class,AH-10210,Alan Hwang,Consumer,United States,San Francisco,California,94122.0,West,TEC-PH-10004586,Technology,Phones,Wilson SignalBoost 841262 DB PRO Amplifier Kit,575.92,2015-11
4429,CA-2018-119452,2018-03-21,2018-03-27,Standard Class,CL-12565,Clay Ludtke,Consumer,United States,Tulsa,Oklahoma,74133.0,Central,FUR-CH-10004495,Furniture,Chairs,"Global Leather and Oak Executive Chair, Black",1805.88,2018-03
4435,CA-2017-168893,2017-11-03,2017-11-08,Second Class,AP-10915,Arthur Prichep,Consumer,United States,Henderson,Kentucky,42420.0,South,FUR-TA-10003392,Furniture,Tables,Global Adaptabilities Conference Tables,842.94,2017-11
4442,US-2017-111290,2017-07-22,2017-07-26,Standard Class,DK-13375,Dennis Kane,Consumer,United States,Westland,Michigan,48185.0,Central,OFF-ST-10001932,Office Supplies,Storage,Fellowes Staxonsteel Drawer Files,965.85,2017-07
4454,CA-2017-147137,2017-07-04,2017-07-06,First Class,AA-10645,Anna Andreadi,Consumer,United States,San Francisco,California,94109.0,West,FUR-BO-10001811,Furniture,Bookcases,"Atlantic Metals Mobile 5-Shelf Bookcases, Custom Colors",1279.165,2017-07
4459,CA-2018-105851,2018-03-13,2018-03-20,Standard Class,SE-20110,Sanjit Engle,Consumer,United States,Denver,Colorado,80219.0,West,OFF-SU-10002881,Office Supplies,Supplies,Martin Yale Chadless Opener Electric Letter Opener,1332.496,2018-03
4492,CA-2015-150798,2015-12-01,2015-12-03,Second Class,JK-15730,Joe Kamberova,Consumer,United States,Columbus,Ohio,43229.0,East,TEC-CO-10001571,Technology,Copiers,Sharp 1540cs Digital Laser Copier,659.988,2015-12
4495,CA-2015-150798,2015-12-01,2015-12-03,Second Class,JK-15730,Joe Kamberova,Consumer,United States,Columbus,Ohio,43229.0,East,FUR-CH-10000015,Furniture,Chairs,Hon Multipurpose Stacking Arm Chairs,909.72,2015-12
4496,CA-2018-112753,2018-06-18,2018-06-23,Standard Class,CC-12670,Craig Carreira,Consumer,United States,Los Angeles,California,90032.0,West,FUR-BO-10004015,Furniture,Bookcases,"Bush Andora Bookcase, Maple/Graphite Gray Finish",917.9235,2018-06
4498,CA-2018-155075,2018-12-02,2018-12-09,Standard Class,GW-14605,Giulietta Weimer,Consumer,United States,Philadelphia,Pennsylvania,19140.0,East,OFF-BI-10003650,Office Supplies,Binders,GBC DocuBind 300 Electric Binding Machine,631.176,2018-12
4507,US-2015-138247,2015-12-24,2015-12-29,Standard Class,BF-11170,Ben Ferrer,Home Office,United States,Los Angeles,California,90045.0,West,TEC-PH-10001530,Technology,Phones,Cisco Unified IP Phone 7945G VoIP phone,818.376,2015-12
4520,CA-2018-107167,2018-06-10,2018-06-14,Standard Class,ND-18460,Neil Ducich,Corporate,United States,Jacksonville,Florida,32216.0,South,OFF-ST-10003805,Office Supplies,Storage,"24 Capacity Maxi Data Binder Racks, Pearl",1347.52,2018-06
4546,CA-2016-126557,2016-07-12,2016-07-17,Second Class,RL-19615,Rob Lucas,Consumer,United States,Chicago,Illinois,60610.0,Central,TEC-PH-10000526,Technology,Phones,Vtech CS6719,537.544,2016-07
4550,CA-2016-126557,2016-07-12,2016-07-17,Second Class,RL-19615,Rob Lucas,Consumer,United States,Chicago,Illinois,60610.0,Central,TEC-PH-10003963,Technology,Phones,GE 2-Jack Phone Line Splitter,659.168,2016-07
4574,CA-2017-139395,2017-12-12,2017-12-18,Standard Class,MG-17650,Matthew Grinstein,Home Office,United States,Jackson,Michigan,49201.0,Central,TEC-PH-10002103,Technology,Phones,Jabra SPEAK 410,657.93,2017-12
4587,US-2018-163790,2018-11-02,2018-11-04,Second Class,NL-18310,Nancy Lomonaco,Home Office,United States,Danville,California,94526.0,West,OFF-BI-10003718,Office Supplies,Binders,GBC Therma-A-Bind 250T Electric Binding System,590.352,2018-11
4595,CA-2017-129868,2017-12-26,2017-12-31,Standard Class,MC-18130,Mike Caudle,Corporate,United States,Los Angeles,California,90004.0,West,FUR-TA-10003473,Furniture,Tables,Bretford Rectangular Conference Table Tops,902.712,2017-12
4608,CA-2016-135020,2016-05-28,2016-06-02,Standard Class,MS-17770,Maxwell Schwartz,Consumer,United States,Rochester,New York,14609.0,East,OFF-ST-10001490,Office Supplies,Storage,"Hot File 7-Pocket, Floor Stand",535.41,2016-05
4618,CA-2016-117800,2016-09-21,2016-09-26,Standard Class,TH-21550,Tracy Hopkins,Home Office,United States,Everett,Massachusetts,2149.0,East,TEC-PH-10002415,Technology,Phones,Polycom VoiceStation 500 Conference phone,589.9,2016-09
4619,CA-2016-117800,2016-09-21,2016-09-26,Standard Class,TH-21550,Tracy Hopkins,Home Office,United States,Everett,Massachusetts,2149.0,East,FUR-CH-10000785,Furniture,Chairs,Global Ergonomic Managers Chair,542.94,2016-09
4620,CA-2018-145219,2018-12-24,2018-12-25,First Class,RM-19675,Robert Marley,Home Office,United States,Los Angeles,California,90049.0,West,TEC-CO-10001449,Technology,Copiers,Hewlett Packard LaserJet 3310 Copier,2879.952,2018-12
4634,CA-2016-130456,2016-08-21,2016-08-26,Standard Class,DS-13180,David Smith,Corporate,United States,San Francisco,California,94122.0,West,FUR-BO-10003893,Furniture,Bookcases,Sauder Camden County Collection Library,586.398,2016-08
4640,CA-2017-102162,2017-09-11,2017-09-16,Standard Class,JF-15565,Jill Fjeld,Consumer,United States,Newport News,Virginia,23602.0,South,TEC-CO-10001943,Technology,Copiers,Canon PC-428 Personal Copier,1599.92,2017-09
4643,CA-2018-130141,2018-10-22,2018-10-24,Second Class,HA-14905,Helen Abelman,Consumer,United States,Fort Collins,Colorado,80525.0,West,FUR-CH-10000749,Furniture,Chairs,Office Star - Ergonomic Mid Back Chair with 2-Way Adjustable Arms,579.136,2018-10
4645,CA-2016-147501,2016-08-02,2016-08-06,Standard Class,Co-12640,Corey-Lock,Consumer,United States,Seattle,Washington,98105.0,West,TEC-MA-10001972,Technology,Machines,Okidata C331dn Printer,558.4,2016-08
4662,CA-2016-112130,2016-05-03,2016-05-07,Standard Class,SV-20785,Stewart Visinsky,Consumer,United States,Philadelphia,Pennsylvania,19140.0,East,FUR-CH-10002965,Furniture,Chairs,"Global Leather Highback Executive Chair with Pneumatic Height Adjustment, Black",844.116,2016-05
4670,US-2018-133200,2018-05-06,2018-05-11,Standard Class,DB-13555,Dorothy Badders,Corporate,United States,Fort Worth,Texas,76106.0,Central,FUR-BO-10001601,Furniture,Bookcases,"Sauder Mission Library with Doors, Fruitwood Finish",623.4648,2018-05
4671,US-2018-133200,2018-05-06,2018-05-11,Standard Class,DB-13555,Dorothy Badders,Corporate,United States,Fort Worth,Texas,76106.0,Central,OFF-ST-10001932,Office Supplies,Storage,Fellowes Staxonsteel Drawer Files,772.68,2018-05
4673,CA-2017-133550,2017-07-31,2017-08-06,Standard Class,KL-16645,Ken Lonsdale,Consumer,United States,Detroit,Michigan,48205.0,Central,TEC-PH-10004042,Technology,Phones,ClearOne Communications CHAT 70 OC Speaker Phone,635.96,2017-07
4683,CA-2017-127698,2017-12-01,2017-12-01,Same Day,MV-18190,Mike Vittorini,Consumer,United States,Raleigh,North Carolina,27604.0,South,TEC-PH-10003811,Technology,Phones,Jabra Supreme Plus Driver Edition Headset,863.928,2017-12
4698,US-2016-138121,2016-12-17,2016-12-17,Same Day,JL-15835,John Lee,Consumer,United States,Detroit,Michigan,48205.0,Central,FUR-CH-10003817,Furniture,Chairs,"Global Value Steno Chair, Gray",546.66,2016-12
4708,CA-2018-138149,2018-06-29,2018-06-30,First Class,WB-21850,William Brown,Consumer,United States,Los Angeles,California,90049.0,West,OFF-BI-10003091,Office Supplies,Binders,GBC DocuBind TL200 Manual Binding Machine,895.92,2018-06
4717,CA-2018-143126,2018-12-03,2018-12-07,Second Class,CM-12655,Corinna Mitchell,Home Office,United States,Seattle,Washington,98115.0,West,FUR-TA-10002958,Furniture,Tables,"Bevis Oval Conference Table, Walnut",521.96,2018-12
4720,CA-2016-142601,2016-04-18,2016-04-20,Second Class,DE-13255,Deanra Eno,Home Office,United States,Los Angeles,California,90004.0,West,OFF-ST-10002756,Office Supplies,Storage,"Tennsco Stur-D-Stor Boltless Shelving, 5 Shelves, 24"" Deep, Sand",947.17,2016-04
4726,CA-2017-131968,2017-11-11,2017-11-15,Standard Class,LB-16795,Laurel Beltran,Home Office,United States,Apopka,Florida,32712.0,South,OFF-AP-10001058,Office Supplies,Appliances,Sanyo 2.5 Cubic Foot Mid-Size Office Refrigerators,671.544,2017-11
4727,CA-2015-119151,2015-11-25,2015-11-29,Second Class,MP-18175,Mike Pelletier,Home Office,United States,New York City,New York,10009.0,East,OFF-ST-10003470,Office Supplies,Storage,"Tennsco Snap-Together Open Shelving Units, Starter Sets and Add-On Units",1117.92,2015-11
4735,CA-2017-120530,2017-04-07,2017-04-12,Standard Class,Dl-13600,Dorris liebe,Corporate,United States,New York City,New York,10035.0,East,FUR-CH-10000454,Furniture,Chairs,"Hon Deluxe Fabric Upholstered Stacking Chairs, Rounded Back",658.746,2017-04
4751,CA-2017-127649,2017-10-07,2017-10-09,First Class,DL-13495,Dionis Lloyd,Corporate,United States,Spokane,Washington,99207.0,West,TEC-MA-10001972,Technology,Machines,Okidata C331dn Printer,837.6,2017-10
4759,CA-2015-121573,2015-11-03,2015-11-07,Standard Class,SG-20605,Speros Goranitis,Consumer,United States,New York City,New York,10009.0,East,TEC-PH-10000984,Technology,Phones,Panasonic KX-TG9471B,783.96,2015-11
4772,US-2015-167262,2015-10-31,2015-11-03,Second Class,AC-10450,Amy Cox,Consumer,United States,Avondale,Arizona,85323.0,West,TEC-PH-10000486,Technology,Phones,Plantronics HL10 Handset Lifter,742.336,2015-10
4781,CA-2015-159310,2015-11-07,2015-11-12,Standard Class,SC-20725,Steven Cartwright,Consumer,United States,Houston,Texas,77070.0,Central,FUR-CH-10002758,Furniture,Chairs,"Hon Deluxe Fabric Upholstered Stacking Chairs, Squared Back",683.144,2015-11
4813,CA-2017-121370,2017-11-14,2017-11-19,Second Class,EB-14110,Eugene Barchas,Consumer,United States,Philadelphia,Pennsylvania,19134.0,East,TEC-CO-10004115,Technology,Copiers,Sharp AL-1530CS Digital Copier,1199.976,2017-11
4851,CA-2015-107818,2015-09-08,2015-09-14,Standard Class,MC-17275,Marc Crier,Consumer,United States,Pasco,Washington,99301.0,West,FUR-CH-10000454,Furniture,Chairs,"Hon Deluxe Fabric Upholstered Stacking Chairs, Rounded Back",975.92,2015-09
4861,CA-2017-101546,2017-12-18,2017-12-24,Standard Class,GK-14620,Grace Kelly,Corporate,United States,Morristown,New Jersey,7960.0,East,OFF-BI-10001359,Office Supplies,Binders,GBC DocuBind TL300 Electric Binding System,1793.98,2017-12
4862,CA-2015-138940,2015-04-11,2015-04-16,Second Class,GM-14455,Gary Mitchum,Home Office,United States,Austin,Texas,78745.0,Central,TEC-PH-10001835,Technology,Phones,Jawbone JAMBOX Wireless Bluetooth Speaker,758.352,2015-04
4866,CA-2018-122490,2018-11-13,2018-11-18,Standard Class,TT-21070,Ted Trevino,Consumer,United States,Seattle,Washington,98103.0,West,FUR-CH-10001215,Furniture,Chairs,Global Troy Executive Leather Low-Back Tilter,2404.704,2018-11
4867,CA-2018-122490,2018-11-13,2018-11-18,Standard Class,TT-21070,Ted Trevino,Consumer,United States,Seattle,Washington,98103.0,West,OFF-BI-10001718,Office Supplies,Binders,GBC DocuBind P50 Personal Binding Machine,563.024,2018-11
4881,CA-2018-143567,2018-11-02,2018-11-05,Second Class,TB-21175,Thomas Boland,Corporate,United States,Henderson,Kentucky,42420.0,South,FUR-CH-10000454,Furniture,Chairs,"Hon Deluxe Fabric Upholstered Stacking Chairs, Rounded Back",975.92,2018-11
4882,CA-2018-143567,2018-11-02,2018-11-05,Second Class,TB-21175,Thomas Boland,Corporate,United States,Henderson,Kentucky,42420.0,South,TEC-AC-10004145,Technology,Accessories,Logitech diNovo Edge Keyboard,2249.91,2018-11
4889,CA-2017-163167,2017-11-28,2017-12-01,Second Class,RF-19345,Randy Ferguson,Corporate,United States,Marietta,Georgia,30062.0,South,OFF-ST-10004459,Office Supplies,Storage,Tennsco Single-Tier Lockers,1126.02,2017-11
4890,CA-2017-163167,2017-11-28,2017-12-01,Second Class,RF-19345,Randy Ferguson,Corporate,United States,Marietta,Georgia,30062.0,South,OFF-ST-10003805,Office Supplies,Storage,"24 Capacity Maxi Data Binder Racks, Pearl",1263.3,2017-11
4897,CA-2017-135776,2017-12-23,2017-12-30,Standard Class,EH-13765,Edward Hooks,Corporate,United States,Seattle,Washington,98103.0,West,OFF-ST-10003470,Office Supplies,Storage,"Tennsco Snap-Together Open Shelving Units, Starter Sets and Add-On Units",1117.92,2017-12
4905,US-2015-161613,2015-12-01,2015-12-03,Second Class,MC-17605,Matt Connell,Corporate,United States,Houston,Texas,77070.0,Central,FUR-CH-10003746,Furniture,Chairs,Hon 4070 Series Pagoda Round Back Stacking Chairs,674.058,2015-12
4924,CA-2018-114055,2018-12-25,2018-12-29,Second Class,MH-18115,Mick Hernandez,Home Office,United States,Huntsville,Alabama,35810.0,South,OFF-PA-10000994,Office Supplies,Paper,Xerox 1915,629.1,2018-12
4929,CA-2018-143245,2018-12-01,2018-12-06,Standard Class,AD-10180,Alan Dominguez,Home Office,United States,Fairfield,Connecticut,6824.0,East,FUR-CH-10000155,Furniture,Chairs,Global Comet Stacking Armless Chair,897.15,2018-12
4938,CA-2015-157147,2015-01-13,2015-01-18,Standard Class,BD-11605,Brian Dahlen,Consumer,United States,San Francisco,California,94109.0,West,OFF-ST-10000078,Office Supplies,Storage,Tennsco 6- and 18-Compartment Lockers,1325.85,2015-01
4941,CA-2016-156482,2016-02-06,2016-02-13,Standard Class,IL-15100,Ivan Liston,Consumer,United States,Wilmington,Delaware,19805.0,East,FUR-CH-10001708,Furniture,Chairs,Office Star - Contemporary Swivel Chair with Padded Adjustable Arms and Flex Back,1268.82,2016-02
4976,CA-2016-142202,2016-09-18,2016-09-23,Second Class,JR-16210,Justin Ritter,Corporate,United States,Jacksonville,Florida,32216.0,South,TEC-AC-10003198,Technology,Accessories,Enermax Acrylux Wireless Keyboard,717.12,2016-09
4979,CA-2016-165050,2016-12-07,2016-12-09,First Class,AH-10210,Alan Hwang,Consumer,United States,New York City,New York,10024.0,East,TEC-PH-10001336,Technology,Phones,Digium D40 VoIP phone,773.94,2016-12
4988,CA-2017-149279,2017-04-24,2017-04-28,Standard Class,CL-12700,Craig Leslie,Home Office,United States,Colorado Springs,Colorado,80906.0,West,FUR-CH-10004287,Furniture,Chairs,SAFCO Arco Folding Chair,1325.76,2017-04
4991,CA-2018-107321,2018-08-31,2018-09-04,Standard Class,AW-10930,Arthur Wiediger,Home Office,United States,San Francisco,California,94110.0,West,TEC-PH-10002200,Technology,Phones,Aastra 6757i CT Wireless VoIP phone,689.408,2018-08
4992,US-2018-122714,2018-12-07,2018-12-13,Standard Class,HG-14965,Henry Goldwyn,Corporate,United States,Chicago,Illinois,60653.0,Central,OFF-BI-10001120,Office Supplies,Binders,Ibico EPK-21 Electric Binding System,1889.99,2018-12
5006,CA-2016-158659,2016-11-10,2016-11-14,Second Class,SC-20695,Steve Chapman,Corporate,United States,Richmond,Indiana,47374.0,Central,OFF-ST-10003306,Office Supplies,Storage,Letter Size Cart,714.3,2016-11
5007,CA-2016-169796,2016-11-09,2016-11-14,Standard Class,Dp-13240,Dean percer,Home Office,United States,New York City,New York,10035.0,East,TEC-MA-10000045,Technology,Machines,Zebra ZM400 Thermal Label Printer,2321.9,2016-11
5010,CA-2016-102876,2016-09-07,2016-09-14,Standard Class,LR-17035,Lisa Ryan,Corporate,United States,Philadelphia,Pennsylvania,19134.0,East,TEC-PH-10002680,Technology,Phones,Samsung Galaxy Note 3,791.964,2016-09
5017,CA-2015-153850,2015-11-24,2015-11-29,Standard Class,TH-21100,Thea Hendricks,Consumer,United States,Toledo,Ohio,43615.0,East,TEC-PH-10002584,Technology,Phones,Samsung Galaxy S4,1502.376,2015-11
5019,CA-2015-127558,2015-11-15,2015-11-18,First Class,SS-20410,Shahid Shariari,Consumer,United States,Los Angeles,California,90008.0,West,TEC-AC-10003832,Technology,Accessories,Logitech P710e Mobile Speakerphone,772.47,2015-11
5023,CA-2017-133795,2017-12-18,2017-12-24,Standard Class,JE-15475,Jeremy Ellison,Consumer,United States,San Diego,California,92037.0,West,TEC-AC-10003832,Technology,Accessories,Logitech P710e Mobile Speakerphone,772.47,2017-12
5035,CA-2016-103954,2016-08-09,2016-08-13,Second Class,HR-14770,Hallie Redmond,Home Office,United States,Milwaukee,Wisconsin,53209.0,Central,FUR-BO-10004690,Furniture,Bookcases,O'Sullivan Cherrywood Estates Traditional Barrister Bookcase,687.4,2016-08
5036,CA-2015-169803,2015-04-06,2015-04-12,Standard Class,SC-20260,Scott Cohen,Corporate,United States,Seattle,Washington,98115.0,West,FUR-TA-10000688,Furniture,Tables,"Chromcraft Bull-Nose Wood Round Conference Table Top, Wood Base",653.55,2015-04
5040,CA-2016-136469,2016-07-11,2016-07-12,First Class,TS-21370,Todd Sumrall,Corporate,United States,Wilmington,Delaware,19805.0,East,TEC-PH-10001817,Technology,Phones,Wilson Electronics DB Pro Signal Booster,716.0,2016-07
5046,CA-2017-158694,2017-11-10,2017-11-13,Second Class,AI-10855,Arianne Irving,Consumer,United States,Los Angeles,California,90036.0,West,OFF-ST-10001496,Office Supplies,Storage,Standard Rollaway File with Lock,720.76,2017-11
5056,CA-2016-141243,2016-01-03,2016-01-08,Second Class,AH-10465,Amy Hunt,Consumer,United States,Dallas,Texas,75217.0,Central,FUR-BO-10003272,Furniture,Bookcases,O'Sullivan Living Dimensions 5-Shelf Bookcases,1352.3976,2016-01
5060,CA-2017-109722,2017-12-05,2017-12-07,Second Class,TP-21130,Theone Pippenger,Consumer,United States,Georgetown,Kentucky,40324.0,South,TEC-PH-10000560,Technology,Phones,Samsung Galaxy S III - 16GB - pebble blue (T-Mobile),699.98,2017-12
5061,CA-2017-109722,2017-12-05,2017-12-07,Second Class,TP-21130,Theone Pippenger,Consumer,United States,Georgetown,Kentucky,40324.0,South,OFF-ST-10000060,Office Supplies,Storage,Fellowes Bankers Box Staxonsteel Drawer File/Stacking System,584.82,2017-12
5067,CA-2018-142090,2018-11-30,2018-12-07,Standard Class,SC-20380,Shahid Collister,Consumer,United States,Burlington,North Carolina,27217.0,South,FUR-TA-10001889,Furniture,Tables,Bush Advantage Collection Racetrack Conference Table,1781.682,2018-11
5069,CA-2015-124478,2015-08-08,2015-08-12,Standard Class,MA-17560,Matt Abelman,Home Office,United States,Trenton,Michigan,48183.0,Central,TEC-CO-10001571,Technology,Copiers,Sharp 1540cs Digital Laser Copier,549.99,2015-08
5076,CA-2015-134572,2015-04-20,2015-04-22,Second Class,SV-20365,Seth Vernon,Consumer,United States,Houston,Texas,77070.0,Central,FUR-TA-10001705,Furniture,Tables,Bush Advantage Collection Round Conference Table,744.1,2015-04
5119,CA-2016-127173,2016-09-26,2016-10-03,Standard Class,GM-14500,Gene McClure,Consumer,United States,Oceanside,New York,11572.0,East,TEC-MA-10002859,Technology,Machines,Ativa MDM8000 8-Sheet Micro-Cut Shredder,629.93,2016-09
5127,CA-2015-160766,2015-09-14,2015-09-14,Same Day,DM-13015,Darrin Martin,Consumer,United States,New York City,New York,10009.0,East,TEC-MA-10003979,Technology,Machines,Ativa V4110MDD Micro-Cut Shredder,2799.96,2015-09
5128,CA-2015-160766,2015-09-14,2015-09-14,Same Day,DM-13015,Darrin Martin,Consumer,United States,New York City,New York,10009.0,East,OFF-AP-10002945,Office Supplies,Appliances,Honeywell Enviracaire Portable HEPA Air Cleaner for 17' x 22' Room,601.3,2015-09
5142,CA-2017-111213,2017-04-01,2017-04-05,Standard Class,FP-14320,Frank Preis,Consumer,United States,New York City,New York,10009.0,East,FUR-CH-10000454,Furniture,Chairs,"Hon Deluxe Fabric Upholstered Stacking Chairs, Rounded Back",1317.492,2017-04
5149,CA-2018-128734,2018-12-24,2018-12-31,Standard Class,JL-15175,James Lanier,Home Office,United States,Chandler,Arizona,85224.0,West,FUR-CH-10001394,Furniture,Chairs,Global Leather Executive Chair,842.376,2018-12
5150,CA-2015-141796,2015-06-21,2015-06-21,Same Day,JG-15160,James Galang,Consumer,United States,Long Beach,New York,11561.0,East,TEC-PH-10001578,Technology,Phones,Polycom SoundStation2 EX Conference phone,1214.85,2015-06
5157,CA-2018-163006,2018-06-30,2018-07-04,Second Class,GH-14410,Gary Hansen,Home Office,United States,Chicago,Illinois,60653.0,Central,TEC-PH-10002584,Technology,Phones,Samsung Galaxy S4,1001.584,2018-06
5158,CA-2018-163006,2018-06-30,2018-07-04,Second Class,GH-14410,Gary Hansen,Home Office,United States,Chicago,Illinois,60653.0,Central,FUR-CH-10000229,Furniture,Chairs,Global Enterprise Series Seating High-Back Swivel/Tilt Chairs,569.058,2018-06
5162,CA-2015-111192,2015-07-30,2015-08-05,Standard Class,TS-21430,Tom Stivers,Corporate,United States,Seattle,Washington,98103.0,West,FUR-BO-10002916,Furniture,Bookcases,"Rush Hierlooms Collection 1"" Thick Stackable Bookcases",1367.84,2015-07
5168,CA-2015-121006,2015-11-10,2015-11-16,Standard Class,SC-20020,Sam Craven,Consumer,United States,Midland,Michigan,48640.0,Central,FUR-CH-10004997,Furniture,Chairs,Hon Every-Day Series Multi-Task Chairs,563.94,2015-11
5170,CA-2015-121006,2015-11-10,2015-11-16,Standard Class,SC-20020,Sam Craven,Consumer,United States,Midland,Michigan,48640.0,Central,OFF-ST-10001490,Office Supplies,Storage,"Hot File 7-Pocket, Floor Stand",535.41,2015-11
5171,CA-2017-122903,2017-05-27,2017-05-29,Second Class,LA-16780,Laura Armstrong,Corporate,United States,Detroit,Michigan,48205.0,Central,FUR-CH-10002024,Furniture,Chairs,HON 5400 Series Task Chairs for Big and Tall,3504.9,2017-05
5186,CA-2016-134719,2016-10-10,2016-10-15,Standard Class,JD-15790,John Dryer,Consumer,United States,Jacksonville,Florida,32216.0,South,OFF-ST-10004459,Office Supplies,Storage,Tennsco Single-Tier Lockers,1801.632,2016-10
5187,US-2016-154389,2016-11-27,2016-12-03,Standard Class,EH-14125,Eugene Hildebrand,Home Office,United States,Philadelphia,Pennsylvania,19140.0,East,TEC-PH-10002789,Technology,Phones,LG Exalt,748.752,2016-11
5189,CA-2016-115567,2016-09-13,2016-09-18,Standard Class,ZC-21910,Zuschuss Carroll,Consumer,United States,Columbus,Indiana,47201.0,Central,FUR-CH-10000015,Furniture,Chairs,Hon Multipurpose Stacking Arm Chairs,1516.2,2016-09
5199,CA-2017-103982,2017-03-03,2017-03-08,Standard Class,AA-10315,Alex Avila,Consumer,United States,Round Rock,Texas,78664.0,Central,OFF-SU-10000151,Office Supplies,Supplies,High Speed Automatic Electric Letter Opener,3930.072,2017-03
5222,CA-2018-117401,2018-05-18,2018-05-22,Second Class,PP-18955,Paul Prost,Home Office,United States,Springfield,Missouri,65807.0,Central,OFF-AP-10000938,Office Supplies,Appliances,Avanti 1.7 Cu. Ft. Refrigerator,706.86,2018-05
5231,CA-2018-124436,2018-03-19,2018-03-22,Second Class,SA-20830,Sue Ann Reed,Consumer,United States,Fresno,California,93727.0,West,FUR-TA-10001095,Furniture,Tables,Chromcraft Round Conference Tables,697.16,2018-03
5234,CA-2015-115084,2015-10-18,2015-10-22,Standard Class,LS-17200,Luke Schmidt,Corporate,United States,Texarkana,Arkansas,71854.0,South,FUR-CH-10004626,Furniture,Chairs,Office Star Flex Back Scooter Chair with Aluminum Finish Frame,605.34,2015-10
5275,CA-2016-162887,2016-11-07,2016-11-09,Second Class,SV-20785,Stewart Visinsky,Consumer,United States,Burlington,Vermont,0.0,East,FUR-CH-10000595,Furniture,Chairs,Safco Contoured Stacking Chairs,715.2,2016-11
5291,CA-2015-146283,2015-09-08,2015-09-15,Standard Class,KT-16465,Kean Takahito,Consumer,United States,Houston,Texas,77036.0,Central,FUR-CH-10004287,Furniture,Chairs,SAFCO Arco Folding Chair,966.7,2015-09
5298,CA-2018-108791,2018-07-27,2018-07-31,Standard Class,TM-21490,Tony Molinari,Consumer,United States,Yonkers,New York,10701.0,East,TEC-PH-10002660,Technology,Phones,Nortel Networks T7316 E Nt8 B27,543.92,2018-07
5301,CA-2017-113831,2017-05-30,2017-06-03,Standard Class,AH-10690,Anna Häberlin,Corporate,United States,Springfield,Virginia,22153.0,South,FUR-TA-10002645,Furniture,Tables,Hon Rectangular Conference Tables,2275.5,2017-05
5302,CA-2017-113831,2017-05-30,2017-06-03,Standard Class,AH-10690,Anna Häberlin,Corporate,United States,Springfield,Virginia,22153.0,South,TEC-AC-10003033,Technology,Accessories,Plantronics CS510 - Over-the-Head monaural Wireless Headset System,1979.7,2017-05
5311,CA-2018-131254,2018-11-19,2018-11-21,First Class,NC-18415,Nathan Cano,Consumer,United States,Houston,Texas,77095.0,Central,OFF-BI-10003527,Office Supplies,Binders,Fellowes PB500 Electric Punch Plastic Comb Binding Machine with Manual Bind,1525.188,2018-11
5321,US-2018-162558,2018-10-02,2018-10-05,First Class,Dp-13240,Dean percer,Home Office,United States,Knoxville,Tennessee,37918.0,South,FUR-TA-10000198,Furniture,Tables,Chromcraft Bull-Nose Wood Oval Conference Tables & Bases,2314.116,2018-10
5342,CA-2016-146486,2016-11-09,2016-11-14,Second Class,DV-13465,Dianna Vittorini,Consumer,United States,Oceanside,New York,11572.0,East,TEC-AC-10002637,Technology,Accessories,Logitech VX Revolution Cordless Laser Mouse for Notebooks (Black),899.95,2016-11
5346,CA-2018-108539,2018-03-21,2018-03-23,Second Class,SC-20725,Steven Cartwright,Consumer,United States,Los Angeles,California,90045.0,West,OFF-ST-10003208,Office Supplies,Storage,Adjustable Depth Letter/Legal Cart,725.84,2018-03
5362,CA-2018-100951,2018-06-09,2018-06-10,First Class,NC-18625,Noah Childs,Corporate,United States,Dallas,Texas,75217.0,Central,OFF-ST-10001496,Office Supplies,Storage,Standard Rollaway File with Lock,720.76,2018-06
5386,CA-2018-161410,2018-06-26,2018-07-03,Standard Class,CC-12220,Chris Cortes,Consumer,United States,Philadelphia,Pennsylvania,19143.0,East,TEC-PH-10000673,Technology,Phones,Plantronics Voyager Pro HD - Bluetooth Headset,545.916,2018-06
5395,US-2015-123183,2015-11-19,2015-11-25,Standard Class,GR-14560,Georgia Rosenberg,Corporate,United States,Wilmington,Delaware,19805.0,East,FUR-BO-10000362,Furniture,Bookcases,Sauder Inglewood Library Bookcases,1025.88,2015-11
5400,CA-2017-117681,2017-04-09,2017-04-14,Standard Class,HF-14995,Herbert Flentye,Consumer,United States,Los Angeles,California,90004.0,West,FUR-BO-10001798,Furniture,Bookcases,Bush Somerset Collection Bookcase,556.665,2017-04
5426,CA-2017-153598,2017-12-03,2017-12-06,First Class,NM-18520,Neoma Murray,Consumer,United States,Los Angeles,California,90045.0,West,TEC-AC-10003870,Technology,Accessories,Logitech Z-906 Speaker sys - home theater - 5.1-CH,1649.95,2017-12
5428,US-2017-108497,2017-06-14,2017-06-14,Same Day,MH-17290,Marc Harrigan,Home Office,United States,Los Angeles,California,90036.0,West,FUR-BO-10004218,Furniture,Bookcases,"Bush Heritage Pine Collection 5-Shelf Bookcase, Albany Pine Finish, *Special Order",599.165,2017-06
5435,CA-2016-160171,2016-10-19,2016-10-24,Standard Class,RM-19675,Robert Marley,Home Office,United States,Los Angeles,California,90008.0,West,OFF-AP-10000275,Office Supplies,Appliances,"Sanyo Counter Height Refrigerator with Crisper, 3.6 Cubic Foot, Stainless Steel/Black",1640.7,2016-10
5440,CA-2017-167115,2017-04-04,2017-04-09,Standard Class,EH-14185,Evan Henry,Consumer,United States,New York City,New York,10035.0,East,OFF-BI-10004600,Office Supplies,Binders,Ibico Ibimaster 300 Manual Binding System,588.784,2017-04
5460,CA-2018-116680,2018-09-04,2018-09-06,Second Class,PK-19075,Pete Kriz,Consumer,United States,San Francisco,California,94122.0,West,FUR-TA-10001771,Furniture,Tables,"Bush Cubix Conference Tables, Fully Assembled",1478.272,2018-09
5469,CA-2015-132451,2015-09-26,2015-09-27,First Class,KF-16285,Karen Ferguson,Home Office,United States,San Diego,California,92105.0,West,FUR-CH-10000454,Furniture,Chairs,"Hon Deluxe Fabric Upholstered Stacking Chairs, Rounded Back",585.552,2015-09
5475,CA-2018-121741,2018-12-26,2018-12-26,Same Day,YC-21895,Yoseph Carroll,Corporate,United States,Fremont,Nebraska,68025.0,Central,OFF-ST-10004459,Office Supplies,Storage,Tennsco Single-Tier Lockers,750.68,2018-12
5501,CA-2018-164378,2018-07-15,2018-07-18,Second Class,MM-18055,Michelle Moray,Consumer,United States,New York City,New York,10024.0,East,FUR-CH-10002084,Furniture,Chairs,Hon Mobius Operator's Chair,664.146,2018-07
5506,CA-2018-127782,2018-11-02,2018-11-06,Standard Class,TH-21115,Thea Hudgings,Corporate,United States,Philadelphia,Pennsylvania,19140.0,East,TEC-PH-10001817,Technology,Phones,Wilson Electronics DB Pro Signal Booster,859.2,2018-11
5517,US-2017-138408,2017-11-18,2017-11-21,Second Class,KC-16255,Karen Carlisle,Corporate,United States,Huntsville,Alabama,35810.0,South,TEC-AC-10003870,Technology,Accessories,Logitech Z-906 Speaker sys - home theater - 5.1-CH,1319.96,2017-11
5531,CA-2018-160885,2018-12-02,2018-12-06,Standard Class,JK-16090,Juliana Krohn,Consumer,United States,Omaha,Nebraska,68104.0,Central,TEC-PH-10001795,Technology,Phones,ClearOne CHATAttach 160 - speaker phone,2479.96,2018-12
5560,US-2016-114741,2016-12-06,2016-12-10,Standard Class,IL-15100,Ivan Liston,Consumer,United States,North Las Vegas,Nevada,89031.0,West,OFF-ST-10000078,Office Supplies,Storage,Tennsco 6- and 18-Compartment Lockers,1325.85,2016-12
5563,CA-2018-133263,2018-03-31,2018-04-02,Second Class,JE-15610,Jim Epp,Corporate,United States,Atlanta,Georgia,30318.0,South,TEC-CO-10001449,Technology,Copiers,Hewlett Packard LaserJet 3310 Copier,2999.95,2018-03
5569,CA-2018-157966,2018-03-13,2018-03-13,Same Day,SU-20665,Stephanie Ulpright,Home Office,United States,Chicago,Illinois,60610.0,Central,TEC-CO-10001449,Technology,Copiers,Hewlett Packard LaserJet 3310 Copier,959.984,2018-03
5586,CA-2018-105333,2018-11-30,2018-12-04,Standard Class,VP-21730,Victor Preis,Home Office,United States,New York City,New York,10011.0,East,TEC-PH-10001468,Technology,Phones,Panasonic Business Telephones KX-T7736,546.06,2018-11
5605,CA-2016-142475,2016-12-03,2016-12-07,Standard Class,BS-11380,Bill Stewart,Corporate,United States,New York City,New York,10011.0,East,OFF-BI-10003718,Office Supplies,Binders,GBC Therma-A-Bind 250T Electric Binding System,590.352,2016-12
5610,CA-2018-117198,2018-08-31,2018-09-05,Standard Class,BG-11035,Barry Gonzalez,Consumer,United States,Monroe,Louisiana,71203.0,South,TEC-AC-10003033,Technology,Accessories,Plantronics CS510 - Over-the-Head monaural Wireless Headset System,659.9,2018-08
5612,CA-2018-121027,2018-08-18,2018-08-22,Standard Class,HW-14935,Helen Wasserman,Corporate,United States,Seattle,Washington,98105.0,West,TEC-AC-10002049,Technology,Accessories,Plantronics Savi W720 Multi-Device Wireless Headset System,843.9,2018-08
5613,CA-2018-121027,2018-08-18,2018-08-22,Standard Class,HW-14935,Helen Wasserman,Corporate,United States,Seattle,Washington,98105.0,West,TEC-AC-10002253,Technology,Accessories,Imation Bio 8GB USB Flash Drive Imation Corp,1496.16,2018-08
5616,CA-2017-158001,2017-08-23,2017-08-27,Standard Class,JP-15460,Jennifer Patt,Corporate,United States,New York City,New York,10035.0,East,OFF-AP-10002118,Office Supplies,Appliances,"1.7 Cubic Foot Compact ""Cube"" Office Refrigerators",1040.8,2017-08
5627,CA-2015-126683,2015-09-29,2015-10-01,Second Class,PP-18955,Paul Prost,Home Office,United States,Seattle,Washington,98115.0,West,FUR-TA-10002958,Furniture,Tables,"Bevis Oval Conference Table, Walnut",2348.82,2015-09
5630,US-2017-146066,2017-08-21,2017-08-23,Second Class,RB-19465,Rick Bensley,Home Office,United States,Philadelphia,Pennsylvania,19143.0,East,FUR-TA-10002530,Furniture,Tables,"Iceberg OfficeWorks 42"" Round Tables",815.292,2017-08
5632,CA-2015-127614,2015-02-11,2015-02-15,Standard Class,NF-18385,Natalie Fritzler,Consumer,United States,Chesapeake,Virginia,23320.0,South,FUR-TA-10003715,Furniture,Tables,Hon 2111 Invitation Series Corner Table,1256.22,2015-02
5639,CA-2015-154893,2015-12-21,2015-12-27,Standard Class,GM-14440,Gary McGarr,Consumer,United States,San Diego,California,92024.0,West,FUR-CH-10004287,Furniture,Chairs,SAFCO Arco Folding Chair,1325.76,2015-12
5640,CA-2015-154893,2015-12-21,2015-12-27,Standard Class,GM-14440,Gary McGarr,Consumer,United States,San Diego,California,92024.0,West,FUR-CH-10000595,Furniture,Chairs,Safco Contoured Stacking Chairs,572.16,2015-12
5652,CA-2018-142342,2018-07-17,2018-07-19,Second Class,AJ-10795,Anthony Johnson,Corporate,United States,Apple Valley,California,92307.0,West,FUR-BO-10002613,Furniture,Bookcases,"Atlantic Metals Mobile 4-Shelf Bookcases, Custom Colors",1194.165,2018-07
5663,CA-2017-108875,2017-09-24,2017-10-01,Standard Class,CL-12700,Craig Leslie,Home Office,United States,Aurora,Colorado,80013.0,West,OFF-ST-10001370,Office Supplies,Storage,Sensible Storage WireTech Storage Systems,511.056,2017-09
5684,CA-2015-164315,2015-04-02,2015-04-08,Standard Class,RD-19585,Rob Dowd,Consumer,United States,Athens,Georgia,30605.0,South,TEC-PH-10001128,Technology,Phones,Motorola Droid Maxx,1049.93,2015-04
5695,US-2016-138093,2016-12-10,2016-12-16,Standard Class,KM-16225,Kalyca Meade,Corporate,United States,Baltimore,Maryland,21215.0,East,FUR-CH-10000785,Furniture,Chairs,Global Ergonomic Managers Chair,542.94,2016-12
5711,US-2016-160857,2016-05-08,2016-05-15,Standard Class,NW-18400,Natalie Webber,Consumer,United States,New York City,New York,10024.0,East,TEC-CO-10004115,Technology,Copiers,Sharp AL-1530CS Digital Copier,2799.944,2016-05
5716,CA-2016-124107,2016-10-09,2016-10-12,Second Class,BM-11650,Brian Moss,Corporate,United States,Ann Arbor,Michigan,48104.0,Central,TEC-AC-10002049,Technology,Accessories,Logitech G19 Programmable Gaming Keyboard,619.95,2016-10
5726,CA-2016-103933,2016-09-25,2016-09-27,First Class,DR-12880,Dan Reichenbach,Corporate,United States,New York City,New York,10011.0,East,TEC-AC-10004171,Technology,Accessories,Razer Kraken 7.1 Surround Sound Over Ear USB Gaming Headset,899.91,2016-09
5727,CA-2016-110548,2016-05-04,2016-05-08,Standard Class,AH-10690,Anna Häberlin,Corporate,United States,Houston,Texas,77095.0,Central,TEC-PH-10002922,Technology,Phones,ShoreTel ShorePhone IP 230 VoIP phone,946.344,2016-05
5729,CA-2018-117324,2018-12-08,2018-12-13,Standard Class,JP-15520,Jeremy Pistek,Consumer,United States,Madison,Wisconsin,53711.0,Central,OFF-AP-10003590,Office Supplies,Appliances,Hoover WindTunnel Plus Canister Vacuum,1089.75,2018-12
5733,CA-2018-143574,2018-06-29,2018-07-02,First Class,DR-12880,Dan Reichenbach,Corporate,United States,Milford,Connecticut,6460.0,East,FUR-BO-10002598,Furniture,Bookcases,"Hon Metal Bookcases, Putty",638.82,2018-06
5742,US-2018-147886,2018-03-28,2018-03-31,First Class,DH-13075,Dave Hallsten,Corporate,United States,Fairfield,California,94533.0,West,TEC-MA-10004679,Technology,Machines,StarTech.com 10/100 VDSL2 Ethernet Extender Kit,532.72,2018-03
5745,US-2018-147886,2018-03-28,2018-03-31,First Class,DH-13075,Dave Hallsten,Corporate,United States,Fairfield,California,94533.0,West,OFF-ST-10002743,Office Supplies,Storage,SAFCO Boltless Steel Shelving,795.48,2018-03
5754,CA-2017-118514,2017-02-03,2017-02-10,Standard Class,LC-17050,Liz Carlisle,Consumer,United States,Richmond,Kentucky,40475.0,South,FUR-CH-10000015,Furniture,Chairs,Hon Multipurpose Stacking Arm Chairs,866.4,2017-02
5757,CA-2015-163748,2015-10-14,2015-10-18,Standard Class,HG-15025,Hunter Glantz,Consumer,United States,Fort Worth,Texas,76106.0,Central,TEC-CO-10002095,Technology,Copiers,Hewlett Packard 610 Color Digital Copier / Printer,1999.96,2015-10
5762,CA-2018-158169,2018-08-12,2018-08-15,First Class,JM-16195,Justin MacKendrick,Consumer,United States,Lake Forest,California,92630.0,West,OFF-AP-10000828,Office Supplies,Appliances,Avanti 4.4 Cu. Ft. Refrigerator,542.94,2018-08
5764,CA-2016-162047,2016-11-03,2016-11-05,First Class,FH-14365,Fred Hopkins,Corporate,United States,Long Beach,New York,11561.0,East,FUR-CH-10004983,Furniture,Chairs,Office Star - Mid Back Dual function Ergonomic High Back Chair with 2-Way Adjustable Arms,1448.82,2016-11
5772,CA-2016-103835,2016-09-24,2016-09-28,Standard Class,SC-20440,Shaun Chance,Corporate,United States,Los Angeles,California,90032.0,West,OFF-AP-10002651,Office Supplies,Appliances,Hoover Upright Vacuum With Dirt Cup,1158.12,2016-09
5773,CA-2016-158939,2016-11-26,2016-12-01,Standard Class,EA-14035,Erin Ashbrook,Corporate,United States,Springfield,Missouri,65807.0,Central,TEC-CO-10002313,Technology,Copiers,Canon PC1080F Personal Copier,599.99,2016-11
5775,CA-2017-142398,2017-04-12,2017-04-16,Standard Class,BP-11290,Beth Paige,Consumer,United States,Los Angeles,California,90036.0,West,FUR-CH-10001545,Furniture,Chairs,Hon Comfortask Task/Swivel Chairs,638.288,2017-04
5796,CA-2015-124856,2015-09-29,2015-10-03,Second Class,LD-17005,Lisa DeCherney,Consumer,United States,New York City,New York,10011.0,East,OFF-ST-10002615,Office Supplies,Storage,"Dual Level, Single-Width Filing Carts",1395.54,2015-09
5801,CA-2015-123225,2015-07-11,2015-07-14,First Class,MN-17935,Michael Nguyen,Consumer,United States,El Paso,Texas,79907.0,Central,TEC-PH-10000895,Technology,Phones,Polycom VVX 310 VoIP phone,575.968,2015-07
5813,US-2016-163279,2016-03-22,2016-03-26,Standard Class,JD-16150,Justin Deggeller,Corporate,United States,San Diego,California,92037.0,West,TEC-PH-10001795,Technology,Phones,ClearOne CHATAttach 160 - speaker phone,1487.976,2016-03
5830,CA-2017-122063,2017-12-03,2017-12-07,Standard Class,MM-17920,Michael Moore,Consumer,United States,Richmond,Indiana,47374.0,Central,FUR-TA-10004575,Furniture,Tables,Hon 5100 Series Wood Tables,581.96,2017-12
5832,CA-2016-111206,2016-07-18,2016-07-22,Standard Class,RF-19735,Roland Fjeld,Consumer,United States,San Diego,California,92105.0,West,TEC-AC-10003095,Technology,Accessories,Logitech G35 7.1-Channel Surround Sound Headset,519.96,2016-07
5845,CA-2016-126725,2016-11-17,2016-11-21,Standard Class,BS-11665,Brian Stugart,Consumer,United States,San Diego,California,92105.0,West,OFF-ST-10000129,Office Supplies,Storage,Fellowes Recycled Storage Drawers,777.21,2016-11
5849,CA-2016-121783,2016-11-10,2016-11-14,Standard Class,PO-19180,Philisse Overcash,Home Office,United States,Roseville,Minnesota,55113.0,Central,OFF-AP-10003849,Office Supplies,Appliances,Hoover Shoulder Vac Commercial Portable Vacuum,715.64,2016-11
5850,CA-2016-121783,2016-11-10,2016-11-14,Standard Class,PO-19180,Philisse Overcash,Home Office,United States,Roseville,Minnesota,55113.0,Central,OFF-ST-10000078,Office Supplies,Storage,Tennsco 6- and 18-Compartment Lockers,795.51,2016-11
5851,CA-2016-121783,2016-11-10,2016-11-14,Standard Class,PO-19180,Philisse Overcash,Home Office,United States,Roseville,Minnesota,55113.0,Central,TEC-CO-10001571,Technology,Copiers,Sharp 1540cs Digital Laser Copier,549.99,2016-11
5867,US-2015-117968,2015-08-05,2015-08-07,Second Class,RS-19420,Ricardo Sperren,Corporate,United States,Meriden,Connecticut,6450.0,East,FUR-CH-10002335,Furniture,Chairs,Hon GuestStacker Chair,1133.35,2015-08
5870,CA-2017-152247,2017-11-07,2017-11-12,Standard Class,MA-17995,Michelle Arnett,Home Office,United States,Cheyenne,Wyoming,82001.0,West,FUR-CH-10001215,Furniture,Chairs,Global Troy Executive Leather Low-Back Tilter,1603.136,2017-11
5871,CA-2017-128223,2017-06-14,2017-06-14,Same Day,EB-13705,Ed Braxton,Corporate,United States,Anaheim,California,92804.0,West,FUR-TA-10001771,Furniture,Tables,"Bush Cubix Conference Tables, Fully Assembled",1293.488,2017-06
5881,CA-2017-133935,2017-09-18,2017-09-22,Standard Class,JW-15220,Jane Waco,Corporate,United States,San Diego,California,92105.0,West,FUR-CH-10001215,Furniture,Chairs,Global Troy Executive Leather Low-Back Tilter,801.568,2017-09
5883,CA-2017-133935,2017-09-18,2017-09-22,Standard Class,JW-15220,Jane Waco,Corporate,United States,San Diego,California,92105.0,West,FUR-CH-10002880,Furniture,Chairs,"Global High-Back Leather Tilter, Burgundy",885.528,2017-09
5885,CA-2017-136301,2017-03-13,2017-03-15,Second Class,EH-13765,Edward Hooks,Corporate,United States,San Francisco,California,94109.0,West,OFF-SU-10000151,Office Supplies,Supplies,High Speed Automatic Electric Letter Opener,4912.59,2017-03
5918,US-2016-126977,2016-09-17,2016-09-23,Standard Class,PF-19120,Peter Fuller,Consumer,United States,New York City,New York,10035.0,East,FUR-BO-10004834,Furniture,Bookcases,"Riverside Palais Royal Lawyers Bookcase, Royale Cherry Finish",4228.704,2016-09
5919,US-2016-126977,2016-09-17,2016-09-23,Standard Class,PF-19120,Peter Fuller,Consumer,United States,New York City,New York,10035.0,East,FUR-BO-10002213,Furniture,Bookcases,DMI Eclipse Executive Suite Bookcases,2003.92,2016-09
5921,US-2016-126977,2016-09-17,2016-09-23,Standard Class,PF-19120,Peter Fuller,Consumer,United States,New York City,New York,10035.0,East,TEC-AC-10003033,Technology,Accessories,Plantronics CS510 - Over-the-Head monaural Wireless Headset System,659.9,2016-09
5926,CA-2018-150420,2018-06-03,2018-06-08,Standard Class,GD-14590,Giulietta Dortch,Corporate,United States,Bellingham,Washington,98226.0,West,TEC-AC-10004975,Technology,Accessories,Plantronics Audio 995 Wireless Stereo Headset,1099.5,2018-06
5927,US-2015-118997,2015-04-08,2015-04-12,Standard Class,RA-19885,Ruben Ausman,Corporate,United States,Decatur,Alabama,35601.0,South,FUR-TA-10001086,Furniture,Tables,"SAFCO PlanMaster Boards, 60w x 37-1/2d, White Melamine",1215.92,2015-04
5932,US-2018-169551,2018-07-07,2018-07-09,First Class,RL-19615,Rob Lucas,Consumer,United States,Philadelphia,Pennsylvania,19120.0,East,TEC-PH-10001363,Technology,Phones,Apple iPhone 5S,683.988,2018-07
5935,US-2018-169551,2018-07-07,2018-07-09,First Class,RL-19615,Rob Lucas,Consumer,United States,Philadelphia,Pennsylvania,19120.0,East,TEC-AC-10003033,Technology,Accessories,Plantronics CS510 - Over-the-Head monaural Wireless Headset System,527.92,2018-07
5956,CA-2015-155796,2015-11-11,2015-11-15,Second Class,TS-21430,Tom Stivers,Corporate,United States,Reading,Pennsylvania,19601.0,East,FUR-BO-10002545,Furniture,Bookcases,"Atlantic Metals Mobile 3-Shelf Bookcases, Custom Colors",521.96,2015-11
5957,CA-2017-127138,2017-03-12,2017-03-15,Second Class,DK-13225,Dean Katz,Corporate,United States,San Francisco,California,94109.0,West,OFF-ST-10002756,Office Supplies,Storage,"Tennsco Stur-D-Stor Boltless Shelving, 5 Shelves, 24"" Deep, Sand",676.55,2017-03
5960,CA-2017-127138,2017-03-12,2017-03-15,Second Class,DK-13225,Dean Katz,Corporate,United States,San Francisco,California,94109.0,West,FUR-CH-10003746,Furniture,Chairs,Hon 4070 Series Pagoda Round Back Stacking Chairs,770.352,2017-03
5962,CA-2015-140732,2015-11-11,2015-11-13,Second Class,MA-17560,Matt Abelman,Home Office,United States,Los Angeles,California,90004.0,West,TEC-PH-10001425,Technology,Phones,Mophie Juice Pack Helium for iPhone,575.928,2015-11
5978,CA-2018-116953,2018-04-24,2018-04-25,First Class,SV-20935,Susan Vittorini,Consumer,United States,Mesa,Arizona,85204.0,West,TEC-PH-10004614,Technology,Phones,AT&T 841000 Phone,552.0,2018-04
5990,CA-2017-163776,2017-07-19,2017-07-25,Standard Class,JS-16030,Joy Smith,Consumer,United States,Hattiesburg,Mississippi,39401.0,South,FUR-BO-10003546,Furniture,Bookcases,Hon 4-Shelf Metal Bookcases,504.9,2017-07
5991,US-2018-163300,2018-09-15,2018-09-21,Standard Class,ES-14020,Erica Smith,Consumer,United States,Los Angeles,California,90049.0,West,OFF-BI-10004390,Office Supplies,Binders,GBC DocuBind 200 Manual Binding Machine,2357.488,2018-09
6011,CA-2016-135580,2016-12-30,2017-01-03,Standard Class,CL-12565,Clay Ludtke,Consumer,United States,Los Angeles,California,90049.0,West,TEC-MA-10004002,Technology,Machines,Zebra GX420t Direct Thermal/Thermal Transfer Printer,2548.56,2016-12
6015,CA-2017-159016,2017-03-10,2017-03-11,First Class,KF-16285,Karen Ferguson,Home Office,United States,Los Angeles,California,90008.0,West,TEC-PH-10002885,Technology,Phones,Apple iPhone 5,4158.912,2017-03
6025,CA-2018-139717,2018-08-24,2018-08-26,Second Class,DM-13015,Darrin Martin,Consumer,United States,Lancaster,Ohio,43130.0,East,OFF-AP-10000938,Office Supplies,Appliances,Avanti 1.7 Cu. Ft. Refrigerator,646.272,2018-08
6041,CA-2018-122364,2018-09-24,2018-09-29,Standard Class,FA-14230,Frank Atkinson,Corporate,United States,Los Angeles,California,90008.0,West,TEC-PH-10001817,Technology,Phones,Wilson Electronics DB Pro Signal Booster,859.2,2018-09
6042,CA-2018-122364,2018-09-24,2018-09-29,Standard Class,FA-14230,Frank Atkinson,Corporate,United States,Los Angeles,California,90008.0,West,TEC-MA-10001031,Technology,Machines,Socket Bluetooth Cordless Hand Scanner (CHS),506.28,2018-09
6047,CA-2017-154662,2017-06-09,2017-06-16,Standard Class,BF-11215,Benjamin Farhat,Home Office,United States,Minneapolis,Minnesota,55407.0,Central,FUR-TA-10001771,Furniture,Tables,"Bush Cubix Conference Tables, Fully Assembled",692.94,2017-06
6049,CA-2016-105571,2016-11-07,2016-11-11,Standard Class,CP-12340,Christine Phan,Corporate,United States,Miami,Florida,33142.0,South,OFF-BI-10001359,Office Supplies,Binders,GBC DocuBind TL300 Electric Binding System,1345.485,2016-11
6063,CA-2016-111780,2016-12-25,2016-12-30,Second Class,RA-19285,Ralph Arnett,Consumer,United States,San Diego,California,92037.0,West,TEC-CO-10004202,Technology,Copiers,Brother DCP1000 Digital 3 in 1 Multifunction Machine,1199.96,2016-12
6068,CA-2018-166695,2018-05-20,2018-05-24,Standard Class,CC-12430,Chuck Clark,Home Office,United States,Lakewood,California,90712.0,West,FUR-CH-10000225,Furniture,Chairs,"Global Geo Office Task Chair, Gray",518.272,2018-05
6100,CA-2018-100111,2018-09-20,2018-09-26,Standard Class,SV-20365,Seth Vernon,Consumer,United States,New York City,New York,10035.0,East,FUR-CH-10004086,Furniture,Chairs,Hon 4070 Series Pagoda Armless Upholstered Stacking Chairs,2888.127,2018-09
6101,CA-2018-100111,2018-09-20,2018-09-26,Standard Class,SV-20365,Seth Vernon,Consumer,United States,New York City,New York,10035.0,East,TEC-PH-10002885,Technology,Phones,Apple iPhone 5,1299.66,2018-09
6102,CA-2018-100111,2018-09-20,2018-09-26,Standard Class,SV-20365,Seth Vernon,Consumer,United States,New York City,New York,10035.0,East,FUR-CH-10001215,Furniture,Chairs,Global Troy Executive Leather Low-Back Tilter,2254.41,2018-09
6111,CA-2017-124590,2017-11-12,2017-11-16,Standard Class,SP-20920,Susan Pistek,Consumer,United States,Parma,Ohio,44134.0,East,FUR-CH-10004495,Furniture,Chairs,"Global Leather and Oak Executive Chair, Black",1474.802,2017-11
6114,CA-2017-124590,2017-11-12,2017-11-16,Standard Class,SP-20920,Susan Pistek,Consumer,United States,Parma,Ohio,44134.0,East,FUR-CH-10000454,Furniture,Chairs,"Hon Deluxe Fabric Upholstered Stacking Chairs, Rounded Back",1537.074,2017-11
6117,US-2017-113677,2017-11-13,2017-11-19,Standard Class,CM-12655,Corinna Mitchell,Home Office,United States,New York City,New York,10011.0,East,TEC-PH-10002114,Technology,Phones,Xiaomi Mi3,2279.96,2017-11
6132,CA-2015-163447,2015-12-27,2015-12-31,Standard Class,TB-21190,Thomas Brumley,Home Office,United States,New York City,New York,10011.0,East,FUR-CH-10004477,Furniture,Chairs,"Global Push Button Manager's Chair, Indigo",767.214,2015-12
6152,CA-2015-111871,2015-03-18,2015-03-21,Second Class,EK-13795,Eileen Kiefer,Home Office,United States,San Francisco,California,94110.0,West,FUR-BO-10004218,Furniture,Bookcases,"Bush Heritage Pine Collection 5-Shelf Bookcase, Albany Pine Finish, *Special Order",1198.33,2015-03
6160,CA-2017-161025,2017-12-03,2017-12-09,Standard Class,GM-14440,Gary McGarr,Consumer,United States,Los Angeles,California,90049.0,West,OFF-ST-10001932,Office Supplies,Storage,Fellowes Staxonsteel Drawer Files,772.68,2017-12
6175,US-2015-106299,2015-08-02,2015-08-08,Standard Class,NZ-18565,Nick Zandusky,Home Office,United States,Springfield,Missouri,65807.0,Central,OFF-ST-10002011,Office Supplies,Storage,Smead Adjustable Mobile File Trolley with Lockable Top,838.38,2015-08
6176,CA-2016-158421,2016-09-21,2016-09-26,Standard Class,GB-14575,Giulietta Baptist,Consumer,United States,Columbia,South Carolina,29203.0,South,FUR-CH-10000309,Furniture,Chairs,Global Comet Stacking Arm Chair,1690.04,2016-09
6181,CA-2016-158421,2016-09-21,2016-09-26,Standard Class,GB-14575,Giulietta Baptist,Consumer,United States,Columbia,South Carolina,29203.0,South,TEC-PH-10000369,Technology,Phones,HTC One Mini,629.95,2016-09
6184,CA-2016-158421,2016-09-21,2016-09-26,Standard Class,GB-14575,Giulietta Baptist,Consumer,United States,Columbia,South Carolina,29203.0,South,OFF-ST-10004186,Office Supplies,Storage,"Stur-D-Stor Shelving, Vertical 5-Shelf: 72""H x 36""W x 18 1/2""D",887.84,2016-09
6191,CA-2017-157259,2017-12-24,2017-12-28,Standard Class,JM-15535,Jessica Myrick,Consumer,United States,New York City,New York,10035.0,East,FUR-FU-10003192,Furniture,Furnishings,Luxo Adjustable Task Clamp Lamp,799.56,2017-12
6201,CA-2016-146675,2016-04-16,2016-04-20,Standard Class,SB-20185,Sarah Brown,Consumer,United States,Evanston,Illinois,60201.0,Central,TEC-CO-10001766,Technology,Copiers,Canon PC940 Copier,1439.968,2016-04
6203,CA-2017-118332,2017-12-16,2017-12-23,Standard Class,PK-19075,Pete Kriz,Consumer,United States,Apple Valley,California,92307.0,West,FUR-CH-10001708,Furniture,Chairs,Office Star - Contemporary Swivel Chair with Padded Adjustable Arms and Flex Back,563.92,2017-12
6210,CA-2018-119809,2018-08-18,2018-08-25,Standard Class,YS-21880,Yana Sorensen,Corporate,United States,Seattle,Washington,98103.0,West,OFF-BI-10003925,Office Supplies,Binders,Fellowes PB300 Plastic Comb Binding Machine,2793.528,2018-08
6211,CA-2018-119809,2018-08-18,2018-08-25,Standard Class,YS-21880,Yana Sorensen,Corporate,United States,Seattle,Washington,98103.0,West,OFF-ST-10003306,Office Supplies,Storage,Letter Size Cart,1000.02,2018-08
6235,US-2018-142188,2018-09-11,2018-09-11,Same Day,JF-15415,Jennifer Ferguson,Consumer,United States,Seattle,Washington,98105.0,West,OFF-BI-10004600,Office Supplies,Binders,Ibico Ibimaster 300 Manual Binding System,1471.96,2018-09
6271,CA-2018-102379,2018-12-02,2018-12-06,Standard Class,BB-11545,Brenda Bowman,Corporate,United States,Oakland,California,94601.0,West,FUR-CH-10004983,Furniture,Chairs,Office Star - Mid Back Dual function Ergonomic High Back Chair with 2-Way Adjustable Arms,1159.056,2018-12
6285,CA-2017-100944,2017-09-24,2017-09-28,Standard Class,EH-13765,Edward Hooks,Corporate,United States,Los Angeles,California,90049.0,West,FUR-CH-10000988,Furniture,Chairs,Hon Olson Stacker Stools,563.24,2017-09
6286,CA-2017-125080,2017-10-21,2017-10-26,Standard Class,VW-21775,Victoria Wilson,Corporate,United States,Lakewood,Ohio,44107.0,East,FUR-TA-10003238,Furniture,Tables,"Chromcraft Bull-Nose Wood 48"" x 96"" Rectangular Conference Tables",661.176,2017-10
6288,CA-2015-100090,2015-07-08,2015-07-12,Standard Class,EB-13705,Ed Braxton,Corporate,United States,San Francisco,California,94122.0,West,FUR-TA-10003715,Furniture,Tables,Hon 2111 Invitation Series Corner Table,502.488,2015-07
6290,US-2016-139675,2016-03-13,2016-03-18,Second Class,NF-18595,Nicole Fjeld,Home Office,United States,Chico,California,95928.0,West,FUR-CH-10004063,Furniture,Chairs,Global Deluxe High-Back Manager's Chair,915.136,2016-03
6292,CA-2018-143756,2018-12-02,2018-12-05,First Class,ME-17725,Max Engle,Consumer,United States,Salem,Virginia,24153.0,South,FUR-CH-10001854,Furniture,Chairs,Office Star - Professional Matrix Back Chair with 2-to-1 Synchro Tilt and Mesh Fabric Seat,701.96,2018-12
6296,CA-2015-141313,2015-12-28,2016-01-01,Standard Class,AJ-10780,Anthony Jacobs,Corporate,United States,Beverly,Massachusetts,1915.0,East,OFF-AP-10002651,Office Supplies,Appliances,Hoover Upright Vacuum With Dirt Cup,1737.18,2015-12
6297,CA-2015-141313,2015-12-28,2016-01-01,Standard Class,AJ-10780,Anthony Jacobs,Corporate,United States,Beverly,Massachusetts,1915.0,East,OFF-ST-10000689,Office Supplies,Storage,"Fellowes Strictly Business Drawer File, Letter/Legal Size",704.25,2015-12
6309,CA-2017-163328,2017-11-04,2017-11-06,Second Class,TP-21565,Tracy Poddar,Corporate,United States,Eugene,Oregon,97405.0,West,FUR-CH-10000229,Furniture,Chairs,Global Enterprise Series Seating High-Back Swivel/Tilt Chairs,650.352,2017-11
6310,CA-2017-163328,2017-11-04,2017-11-06,Second Class,TP-21565,Tracy Poddar,Corporate,United States,Eugene,Oregon,97405.0,West,OFF-LA-10003930,Office Supplies,Labels,"Dot Matrix Printer Tape Reel Labels, White, 5000/Box",629.184,2017-11
6313,CA-2018-120019,2018-02-16,2018-02-21,Standard Class,NG-18355,Nat Gilpin,Corporate,United States,Fairfield,Connecticut,6824.0,East,OFF-ST-10001932,Office Supplies,Storage,Fellowes Staxonsteel Drawer Files,579.51,2018-02
6341,CA-2018-143112,2018-10-05,2018-10-09,Standard Class,TS-21370,Todd Sumrall,Corporate,United States,New York City,New York,10035.0,East,TEC-MA-10001047,Technology,Machines,"3D Systems Cube Printer, 2nd Generation, Magenta",5199.96,2018-10
6346,CA-2016-146255,2016-03-07,2016-03-10,First Class,EM-14140,Eugene Moren,Home Office,United States,Newark,Delaware,19711.0,East,TEC-PH-10001619,Technology,Phones,LG G3,587.97,2016-03
6364,CA-2018-110443,2018-11-21,2018-11-25,Standard Class,CK-12205,Chloris Kastensmidt,Consumer,United States,Renton,Washington,98059.0,West,TEC-MA-10002073,Technology,Machines,"3D Systems Cube Printer, 2nd Generation, White",1039.992,2018-11
6375,CA-2015-107811,2015-04-29,2015-05-03,Standard Class,LA-16780,Laura Armstrong,Corporate,United States,Memphis,Tennessee,38109.0,South,FUR-CH-10001394,Furniture,Chairs,Global Leather Executive Chair,561.584,2015-04
6399,CA-2018-151981,2018-08-06,2018-08-12,Standard Class,GM-14455,Gary Mitchum,Home Office,United States,Concord,New Hampshire,3301.0,East,TEC-PH-10003601,Technology,Phones,"Ativa D5772 2-Line 5.8GHz Digital Expandable Corded/Cordless Phone System with Answering & Caller ID/Call Waiting, Black/Silver",824.95,2018-08
6406,CA-2018-154074,2018-08-31,2018-09-02,Second Class,BW-11110,Bart Watters,Corporate,United States,Spokane,Washington,99207.0,West,FUR-CH-10002331,Furniture,Chairs,Hon 4700 Series Mobuis Mid-Back Task Chairs with Adjustable Arms,569.568,2018-08
6408,CA-2018-161774,2018-05-14,2018-05-15,First Class,GT-14710,Greg Tran,Consumer,United States,Houston,Texas,77041.0,Central,FUR-CH-10003981,Furniture,Chairs,Global Commerce Series Low-Back Swivel/Tilt Chairs,899.43,2018-05
6426,CA-2017-143714,2017-05-23,2017-05-27,Standard Class,CC-12370,Christopher Conant,Consumer,United States,Philadelphia,Pennsylvania,19120.0,East,TEC-CO-10004722,Technology,Copiers,Canon imageCLASS 2200 Advanced Copier,8399.976,2017-05
6431,CA-2015-165764,2015-11-03,2015-11-07,Standard Class,SH-20395,Shahid Hopkins,Consumer,United States,Jacksonville,North Carolina,28540.0,South,FUR-TA-10001768,Furniture,Tables,Hon Racetrack Conference Tables,945.036,2015-11
6439,US-2018-113992,2018-12-14,2018-12-19,Standard Class,LC-16885,Lena Creighton,Consumer,United States,Plano,Texas,75023.0,Central,FUR-TA-10000577,Furniture,Tables,Bretford CR4500 Series Slim Rectangular Table,974.988,2018-12
6440,CA-2015-166891,2015-10-04,2015-10-06,First Class,CC-12220,Chris Cortes,Consumer,United States,New York City,New York,10024.0,East,FUR-CH-10003298,Furniture,Chairs,"Office Star - Contemporary Task Swivel chair with Loop Arms, Charcoal",589.41,2015-10
6468,CA-2017-163804,2017-12-02,2017-12-08,Standard Class,DB-13270,Deborah Brumfield,Home Office,United States,Providence,Rhode Island,2908.0,East,OFF-ST-10000142,Office Supplies,Storage,Deluxe Rollaway Locking File with Drawer,2079.4,2017-12
6469,CA-2017-163804,2017-12-02,2017-12-08,Standard Class,DB-13270,Deborah Brumfield,Home Office,United States,Providence,Rhode Island,2908.0,East,TEC-PH-10000441,Technology,Phones,VTech DS6151,629.95,2017-12
6474,CA-2017-113292,2017-03-18,2017-03-20,Second Class,DB-13060,Dave Brooks,Consumer,United States,Columbia,Tennessee,38401.0,South,OFF-AP-10003590,Office Supplies,Appliances,Hoover WindTunnel Plus Canister Vacuum,871.8,2017-03
6480,CA-2018-140872,2018-06-03,2018-06-10,Standard Class,NR-18550,Nick Radford,Consumer,United States,Pembroke Pines,Florida,33024.0,South,TEC-PH-10000441,Technology,Phones,VTech DS6151,503.96,2018-06
6487,CA-2016-120621,2016-03-21,2016-03-26,Standard Class,JW-16075,Julia West,Consumer,United States,Jacksonville,North Carolina,28540.0,South,OFF-AP-10002945,Office Supplies,Appliances,Honeywell Enviracaire Portable HEPA Air Cleaner for 17' x 22' Room,962.08,2016-03
6502,CA-2015-129147,2015-11-02,2015-11-06,Standard Class,LC-17050,Liz Carlisle,Consumer,United States,Medina,Ohio,44256.0,East,TEC-PH-10001299,Technology,Phones,Polycom CX300 Desktop Phone USB VoIP phone,539.964,2015-11
6505,CA-2018-128265,2018-11-17,2018-11-22,Second Class,VW-21775,Victoria Wilson,Corporate,United States,New York City,New York,10011.0,East,OFF-ST-10000142,Office Supplies,Storage,Deluxe Rollaway Locking File with Drawer,1247.64,2018-11
6517,US-2018-116652,2018-09-15,2018-09-19,Standard Class,RD-19480,Rick Duston,Consumer,United States,San Francisco,California,94122.0,West,FUR-FU-10001488,Furniture,Furnishings,"Tenex 46"" x 60"" Computer Anti-Static Chairmat, Rectangular Shaped",529.9,2018-09
6521,CA-2018-138289,2018-01-16,2018-01-18,Second Class,AR-10540,Andy Reiter,Consumer,United States,Jackson,Michigan,49201.0,Central,OFF-BI-10004995,Office Supplies,Binders,GBC DocuBind P400 Electric Binding System,5443.96,2018-01
6528,CA-2017-157791,2017-12-23,2017-12-28,Second Class,CA-11965,Carol Adams,Corporate,United States,Warwick,Rhode Island,2886.0,East,TEC-CO-10002095,Technology,Copiers,Hewlett Packard 610 Color Digital Copier / Printer,1999.96,2017-12
6535,CA-2015-128209,2015-11-17,2015-11-22,Standard Class,GT-14710,Greg Tran,Consumer,United States,Buffalo,New York,14215.0,East,OFF-BI-10001359,Office Supplies,Binders,GBC DocuBind TL300 Electric Binding System,2152.776,2015-11
6536,CA-2015-128209,2015-11-17,2015-11-22,Standard Class,GT-14710,Greg Tran,Consumer,United States,Buffalo,New York,14215.0,East,FUR-BO-10002213,Furniture,Bookcases,DMI Eclipse Executive Suite Bookcases,4007.84,2015-11
6548,CA-2015-113880,2015-03-01,2015-03-05,Standard Class,VF-21715,Vicky Freymann,Home Office,United States,Elmhurst,Illinois,60126.0,Central,FUR-CH-10000863,Furniture,Chairs,Novimex Swivel Fabric Task Chair,634.116,2015-03
6555,CA-2015-137092,2015-10-20,2015-10-22,Second Class,LS-16975,Lindsay Shagiari,Home Office,United States,Chicago,Illinois,60653.0,Central,OFF-ST-10003805,Office Supplies,Storage,"24 Capacity Maxi Data Binder Racks, Pearl",505.32,2015-10
6559,CA-2016-166947,2016-06-05,2016-06-10,Standard Class,EB-13750,Edward Becker,Corporate,United States,Buffalo,New York,14215.0,East,FUR-CH-10004997,Furniture,Chairs,Hon Every-Day Series Multi-Task Chairs,1522.638,2016-06
6566,CA-2015-166086,2015-05-07,2015-05-12,Standard Class,CT-11995,Carol Triggs,Consumer,United States,Lawrence,Massachusetts,1841.0,East,FUR-CH-10004675,Furniture,Chairs,"Lifetime Advantage Folding Chairs, 4/Carton",872.32,2015-05
6574,CA-2017-160535,2017-11-25,2017-11-30,Standard Class,BP-11050,Barry Pond,Corporate,United States,Plainfield,New Jersey,7060.0,East,OFF-ST-10000689,Office Supplies,Storage,"Fellowes Strictly Business Drawer File, Letter/Legal Size",563.4,2017-11
6576,CA-2018-123085,2018-03-03,2018-03-08,Standard Class,EJ-13720,Ed Jacobs,Consumer,United States,Los Angeles,California,90008.0,West,TEC-AC-10000990,Technology,Accessories,Imation Bio 2GB USB Flash Drive Imation Corp,1049.44,2018-03
6579,CA-2015-103660,2015-08-25,2015-08-30,Standard Class,MW-18220,Mitch Webber,Consumer,United States,Seattle,Washington,98103.0,West,TEC-PH-10000895,Technology,Phones,Polycom VVX 310 VoIP phone,1007.944,2015-08
6621,US-2018-167402,2018-01-13,2018-01-18,Second Class,CP-12085,Cathy Prescott,Corporate,United States,Springfield,Missouri,65807.0,Central,OFF-SU-10002881,Office Supplies,Supplies,Martin Yale Chadless Opener Electric Letter Opener,4164.05,2018-01
6627,CA-2015-145541,2015-12-14,2015-12-21,Standard Class,TB-21400,Tom Boeckenhauer,Consumer,United States,New York City,New York,10024.0,East,TEC-MA-10001127,Technology,Machines,"HP Designjet T520 Inkjet Large Format Printer - 24"" Color",6999.96,2015-12
6631,CA-2017-105081,2017-12-25,2017-12-30,Standard Class,JE-15715,Joe Elijah,Consumer,United States,Seattle,Washington,98115.0,West,FUR-CH-10000847,Furniture,Chairs,Global Executive Mid-Back Manager's Chair,698.352,2017-12
6632,CA-2017-105081,2017-12-25,2017-12-30,Standard Class,JE-15715,Joe Elijah,Consumer,United States,Seattle,Washington,98115.0,West,FUR-TA-10001307,Furniture,Tables,"SAFCO PlanMaster Heigh-Adjustable Drafting Table Base, 43w x 30d x 30-37h, Black",1747.25,2017-12
6636,CA-2018-144498,2018-05-06,2018-05-06,Same Day,MB-18085,Mick Brown,Consumer,United States,Charlotte,North Carolina,28205.0,South,TEC-PH-10004977,Technology,Phones,GE 30524EE4,627.168,2018-05
6640,CA-2015-108609,2015-10-31,2015-11-02,Second Class,AJ-10780,Anthony Jacobs,Corporate,United States,Lorain,Ohio,44052.0,East,FUR-TA-10003954,Furniture,Tables,Hon 94000 Series Round Tables,1421.664,2015-10
6647,US-2017-127334,2017-12-15,2017-12-21,Standard Class,MP-18175,Mike Pelletier,Home Office,United States,Springfield,Oregon,97477.0,West,FUR-TA-10003473,Furniture,Tables,Bretford Rectangular Conference Table Tops,564.195,2017-12
6688,CA-2016-165162,2016-05-14,2016-05-21,Standard Class,HG-15025,Hunter Glantz,Consumer,United States,Los Angeles,California,90032.0,West,OFF-ST-10003470,Office Supplies,Storage,"Tennsco Snap-Together Open Shelving Units, Starter Sets and Add-On Units",1117.92,2016-05
6707,CA-2017-112277,2017-09-10,2017-09-15,Standard Class,SC-20695,Steve Chapman,Corporate,United States,Fort Lauderdale,Florida,33311.0,South,TEC-PH-10003505,Technology,Phones,Geemarc AmpliPOWER60,519.68,2017-09
6709,CA-2016-123141,2016-11-14,2016-11-19,Standard Class,GZ-14470,Gary Zandusky,Consumer,United States,Rio Rancho,New Mexico,87124.0,West,FUR-CH-10004287,Furniture,Chairs,SAFCO Arco Folding Chair,883.84,2016-11
6731,CA-2016-156734,2016-06-18,2016-06-20,First Class,BV-11245,Benjamin Venier,Corporate,United States,Smyrna,Tennessee,37167.0,South,FUR-CH-10002965,Furniture,Chairs,"Global Leather Highback Executive Chair with Pneumatic Height Adjustment, Black",643.136,2016-06
6737,CA-2017-123358,2017-04-10,2017-04-17,Standard Class,BT-11680,Brian Thompson,Consumer,United States,San Francisco,California,94122.0,West,OFF-ST-10001932,Office Supplies,Storage,Fellowes Staxonsteel Drawer Files,579.51,2017-04
6747,CA-2018-159156,2018-11-13,2018-11-16,First Class,KB-16600,Ken Brennan,Corporate,United States,New York City,New York,10009.0,East,TEC-PH-10004389,Technology,Phones,Nokia Lumia 925,629.95,2018-11
6757,CA-2018-124205,2018-09-15,2018-09-19,Standard Class,TC-21145,Theresa Coyne,Corporate,United States,Lakewood,New Jersey,8701.0,East,FUR-CH-10003606,Furniture,Chairs,SAFCO Folding Chair Trolley,512.96,2018-09
6765,CA-2017-144764,2017-09-02,2017-09-08,Standard Class,RL-19615,Rob Lucas,Consumer,United States,Chicago,Illinois,60623.0,Central,TEC-MA-10003230,Technology,Machines,Okidata C610n Printer,1362.9,2017-09
6818,CA-2015-144414,2015-06-17,2015-06-21,Standard Class,GH-14425,Gary Hwang,Consumer,United States,Seattle,Washington,98105.0,West,OFF-BI-10004995,Office Supplies,Binders,GBC DocuBind P400 Electric Binding System,3266.376,2015-06
6827,CA-2017-118689,2017-10-02,2017-10-09,Standard Class,TC-20980,Tamara Chand,Corporate,United States,Lafayette,Indiana,47905.0,Central,TEC-CO-10004722,Technology,Copiers,Canon imageCLASS 2200 Advanced Copier,17499.95,2017-10
6828,CA-2017-118689,2017-10-02,2017-10-09,Standard Class,TC-20980,Tamara Chand,Corporate,United States,Lafayette,Indiana,47905.0,Central,OFF-BI-10004600,Office Supplies,Binders,Ibico Ibimaster 300 Manual Binding System,735.98,2017-10
6839,CA-2018-107517,2018-02-05,2018-02-09,Standard Class,FC-14335,Fred Chung,Corporate,United States,Torrance,California,90503.0,West,OFF-AP-10000275,Office Supplies,Appliances,"Sanyo Counter Height Refrigerator with Crisper, 3.6 Cubic Foot, Stainless Steel/Black",1640.7,2018-02
6845,CA-2017-123946,2017-09-12,2017-09-17,Standard Class,AJ-10795,Anthony Johnson,Corporate,United States,Springfield,Virginia,22153.0,South,FUR-CH-10002073,Furniture,Chairs,Hon Olson Stacker Chairs,1059.12,2017-09
6851,US-2017-100461,2017-01-08,2017-01-12,Standard Class,JO-15145,Jack O'Briant,Corporate,United States,Franklin,Wisconsin,53132.0,Central,FUR-BO-10002545,Furniture,Bookcases,"Atlantic Metals Mobile 3-Shelf Bookcases, Custom Colors",1565.88,2017-01
6869,US-2017-126452,2017-08-21,2017-08-28,Standard Class,SC-20230,Scot Coram,Corporate,United States,Los Angeles,California,90004.0,West,FUR-TA-10003569,Furniture,Tables,Bretford CR8500 Series Meeting Room Furniture,2887.056,2017-08
6877,US-2017-121013,2017-09-05,2017-09-10,Standard Class,MM-17920,Michael Moore,Consumer,United States,Chesapeake,Virginia,23320.0,South,FUR-TA-10003238,Furniture,Tables,"Chromcraft Bull-Nose Wood 48"" x 96"" Rectangular Conference Tables",1652.94,2017-09
6880,CA-2016-137113,2016-12-01,2016-12-05,Second Class,TW-21025,Tamara Willingham,Home Office,United States,Seattle,Washington,98105.0,West,FUR-CH-10001215,Furniture,Chairs,Global Troy Executive Leather Low-Back Tilter,2003.92,2016-12
6882,CA-2016-137113,2016-12-01,2016-12-05,Second Class,TW-21025,Tamara Willingham,Home Office,United States,Seattle,Washington,98105.0,West,FUR-TA-10001705,Furniture,Tables,Bush Advantage Collection Round Conference Table,1913.4,2016-12
6885,CA-2016-120677,2016-05-31,2016-06-04,Standard Class,BD-11320,Bill Donatelli,Consumer,United States,Minneapolis,Minnesota,55407.0,Central,FUR-CH-10002320,Furniture,Chairs,Hon Pagoda Stacking Chairs,2567.84,2016-05
6899,US-2016-165512,2016-05-24,2016-05-26,Second Class,VS-21820,Vivek Sundaresam,Consumer,United States,Naperville,Illinois,60540.0,Central,FUR-CH-10002880,Furniture,Chairs,"Global High-Back Leather Tilter, Burgundy",602.651,2016-05
6901,CA-2016-140557,2016-09-07,2016-09-11,Standard Class,TN-21040,Tanja Norvell,Home Office,United States,New York City,New York,10009.0,East,TEC-AC-10002402,Technology,Accessories,Razer Kraken PRO Over Ear PC and Music Headset,559.93,2016-09
6902,US-2018-135013,2018-07-24,2018-07-24,Same Day,HR-14830,Harold Ryan,Corporate,United States,Huntington Beach,California,92646.0,West,TEC-CO-10001449,Technology,Copiers,Hewlett Packard LaserJet 3310 Copier,2399.96,2018-07
6908,CA-2017-140249,2017-09-27,2017-10-03,Standard Class,SW-20455,Shaun Weien,Consumer,United States,Seattle,Washington,98103.0,West,TEC-PH-10002584,Technology,Phones,Samsung Galaxy S4,1001.584,2017-09
6918,CA-2015-124247,2015-12-16,2015-12-21,Standard Class,SH-20635,Stefanie Holloman,Corporate,United States,Sacramento,California,95823.0,West,FUR-CH-10001854,Furniture,Chairs,Office Star - Professional Matrix Back Chair with 2-to-1 Synchro Tilt and Mesh Fabric Seat,1403.92,2015-12
6926,CA-2016-137925,2016-11-30,2016-12-04,Standard Class,JL-15235,Janet Lee,Consumer,United States,New York City,New York,10035.0,East,FUR-BO-10001608,Furniture,Bookcases,"Hon Metal Bookcases, Black",681.408,2016-11
6930,CA-2017-140382,2017-06-23,2017-06-25,Second Class,RD-19900,Ruben Dartt,Consumer,United States,San Francisco,California,94109.0,West,TEC-PH-10003012,Technology,Phones,Nortel Meridian M3904 Professional Digital phone,862.344,2017-06
6942,CA-2018-107132,2018-06-26,2018-06-30,Standard Class,SC-20260,Scott Cohen,Corporate,United States,New York City,New York,10009.0,East,OFF-ST-10001490,Office Supplies,Storage,"Hot File 7-Pocket, Floor Stand",713.88,2018-06
6944,CA-2016-139248,2016-07-25,2016-07-30,Standard Class,RD-19930,Russell D'Ascenzo,Consumer,United States,Los Angeles,California,90032.0,West,TEC-PH-10004094,Technology,Phones,Motorola L703CM,623.96,2016-07
6946,CA-2017-106243,2017-09-30,2017-10-04,Standard Class,GM-14680,Greg Matthias,Consumer,United States,New York City,New York,10011.0,East,FUR-BO-10003034,Furniture,Bookcases,"O'Sullivan Elevations Bookcase, Cherry Finish",523.92,2017-09
6955,CA-2016-129917,2016-10-02,2016-10-03,First Class,HM-14980,Henry MacAllister,Consumer,United States,Los Angeles,California,90008.0,West,TEC-PH-10000369,Technology,Phones,HTC One Mini,503.96,2016-10
6969,CA-2016-110765,2016-10-16,2016-10-20,Second Class,MP-17965,Michael Paige,Corporate,United States,New York City,New York,10011.0,East,TEC-PH-10004165,Technology,Phones,Mitel MiVoice 5330e IP Phone,824.97,2016-10
6977,CA-2016-112144,2016-06-28,2016-07-02,Standard Class,CY-12745,Craig Yedwab,Corporate,United States,Gilbert,Arizona,85234.0,West,FUR-FU-10004306,Furniture,Furnishings,Electrix Halogen Magnifier Lamp,621.76,2016-06
6989,CA-2018-158561,2018-11-11,2018-11-16,Second Class,BB-11545,Brenda Bowman,Corporate,United States,Fort Lauderdale,Florida,33311.0,South,OFF-AP-10002651,Office Supplies,Appliances,Hoover Upright Vacuum With Dirt Cup,1158.12,2018-11
7009,CA-2016-154823,2016-08-21,2016-08-25,Standard Class,KN-16390,Katherine Nockton,Corporate,United States,Springfield,Ohio,45503.0,East,FUR-CH-10003379,Furniture,Chairs,Global Commerce Series High-Back Swivel/Tilt Chairs,598.458,2016-08
7017,CA-2015-114790,2015-03-11,2015-03-13,Second Class,FM-14215,Filia McAdams,Corporate,United States,Richmond,Kentucky,40475.0,South,TEC-PH-10000984,Technology,Phones,Panasonic KX-TG9471B,587.97,2015-03
7036,CA-2018-119494,2018-11-09,2018-11-13,Standard Class,JE-15610,Jim Epp,Corporate,United States,San Diego,California,92105.0,West,FUR-CH-10004675,Furniture,Chairs,"Lifetime Advantage Folding Chairs, 4/Carton",523.392,2018-11
7043,US-2018-165358,2018-07-18,2018-07-23,Standard Class,SV-20365,Seth Vernon,Consumer,United States,Philadelphia,Pennsylvania,19134.0,East,TEC-CO-10001943,Technology,Copiers,Canon PC-428 Personal Copier,599.97,2018-07
7058,CA-2017-165330,2017-12-11,2017-12-11,Same Day,WB-21850,William Brown,Consumer,United States,Anaheim,California,92804.0,West,FUR-TA-10004619,Furniture,Tables,Hon Non-Folding Utility Tables,892.136,2017-12
7066,CA-2015-106726,2015-12-06,2015-12-08,First Class,RS-19765,Roland Schwarz,Corporate,United States,Los Angeles,California,90008.0,West,OFF-ST-10001496,Office Supplies,Storage,Standard Rollaway File with Lock,1261.33,2015-12
7082,CA-2017-106950,2017-09-02,2017-09-06,Standard Class,JE-15715,Joe Elijah,Consumer,United States,Charlotte,North Carolina,28205.0,South,TEC-AC-10002049,Technology,Accessories,Plantronics Savi W720 Multi-Device Wireless Headset System,1012.68,2017-09
7085,CA-2018-118724,2018-07-21,2018-07-25,Second Class,AR-10825,Anthony Rawles,Corporate,United States,Concord,California,94521.0,West,TEC-PH-10002549,Technology,Phones,Polycom SoundPoint IP 450 VoIP phone,1626.192,2018-07
7105,CA-2018-128944,2018-06-19,2018-06-21,Second Class,KH-16330,Katharine Harms,Corporate,United States,Newark,Ohio,43055.0,East,FUR-CH-10000785,Furniture,Chairs,Global Ergonomic Managers Chair,760.116,2018-06
7115,US-2017-102239,2017-05-05,2017-05-06,First Class,LW-16990,Lindsay Williams,Corporate,United States,Henderson,Nevada,89015.0,West,FUR-TA-10003392,Furniture,Tables,Global Adaptabilities Conference Tables,1685.88,2017-05
7133,CA-2018-141439,2018-11-26,2018-12-01,Standard Class,TT-21460,Tonja Turnell,Home Office,United States,Richmond,Indiana,47374.0,Central,TEC-PH-10002624,Technology,Phones,Samsung Galaxy S4 Mini,1879.96,2018-11
7136,CA-2018-141439,2018-11-26,2018-12-01,Standard Class,TT-21460,Tonja Turnell,Home Office,United States,Richmond,Indiana,47374.0,Central,FUR-CH-10004287,Furniture,Chairs,SAFCO Arco Folding Chair,828.6,2018-11
7144,US-2018-141558,2018-03-11,2018-03-16,Standard Class,MH-17290,Marc Harrigan,Home Office,United States,Philadelphia,Pennsylvania,19140.0,East,TEC-PH-10002555,Technology,Phones,Nortel Meridian M5316 Digital phone,776.85,2018-03
7150,CA-2016-166583,2016-06-26,2016-06-30,Standard Class,VD-21670,Valerie Dominguez,Consumer,United States,Houston,Texas,77070.0,Central,TEC-PH-10001578,Technology,Phones,Polycom SoundStation2 EX Conference phone,971.88,2016-06
7168,CA-2015-117464,2015-07-22,2015-07-24,Second Class,NP-18325,Naresj Patel,Consumer,United States,San Francisco,California,94122.0,West,FUR-CH-10000155,Furniture,Chairs,Global Comet Stacking Armless Chair,717.72,2015-07
7174,US-2018-141677,2018-03-26,2018-03-30,Standard Class,HK-14890,Heather Kirkland,Corporate,United States,Houston,Texas,77070.0,Central,TEC-CO-10002313,Technology,Copiers,Canon PC1080F Personal Copier,2399.96,2018-03
7184,CA-2018-128853,2018-04-21,2018-04-23,First Class,JM-15250,Janet Martin,Consumer,United States,Baltimore,Maryland,21215.0,East,FUR-CH-10004218,Furniture,Chairs,"Global Fabric Manager's Chair, Dark Gray",908.82,2018-04
7191,CA-2017-164399,2017-11-12,2017-11-15,First Class,DW-13480,Dianna Wilson,Home Office,United States,San Diego,California,92024.0,West,FUR-TA-10003392,Furniture,Tables,Global Adaptabilities Conference Tables,674.352,2017-11
7194,CA-2017-110492,2017-02-12,2017-02-14,First Class,JS-15880,John Stevenson,Consumer,United States,Atlanta,Georgia,30318.0,South,OFF-ST-10003716,Office Supplies,Storage,Tennsco Double-Tier Lockers,1350.12,2017-02
7203,CA-2017-120369,2017-10-28,2017-10-28,Same Day,VB-21745,Victoria Brennan,Corporate,United States,Rochester,New York,14609.0,East,FUR-FU-10003806,Furniture,Furnishings,"Tenex Chairmat w/ Average Lip, 45"" x 53""",756.8,2017-10
7228,CA-2018-127397,2018-02-24,2018-02-28,Standard Class,ES-14080,Erin Smith,Corporate,United States,Philadelphia,Pennsylvania,19134.0,East,TEC-AC-10003033,Technology,Accessories,Plantronics CS510 - Over-the-Head monaural Wireless Headset System,1319.8,2018-02
7244,CA-2018-118892,2018-08-17,2018-08-22,Second Class,TP-21415,Tom Prescott,Consumer,United States,Philadelphia,Pennsylvania,19134.0,East,FUR-CH-10002024,Furniture,Chairs,HON 5400 Series Task Chairs for Big and Tall,4416.174,2018-08
7251,CA-2016-158491,2016-06-04,2016-06-09,Second Class,BP-11155,Becky Pak,Consumer,United States,Los Angeles,California,90008.0,West,TEC-AC-10003870,Technology,Accessories,Logitech Z-906 Speaker sys - home theater - 5.1-CH,989.97,2016-06
7258,CA-2017-152730,2017-05-30,2017-06-04,Standard Class,EM-14140,Eugene Moren,Home Office,United States,Superior,Wisconsin,54880.0,Central,OFF-PA-10000994,Office Supplies,Paper,Xerox 1915,629.1,2017-05
7277,CA-2015-120670,2015-11-02,2015-11-06,Standard Class,JK-16120,Julie Kriz,Home Office,United States,Fort Lauderdale,Florida,33311.0,South,TEC-AC-10004171,Technology,Accessories,Razer Kraken 7.1 Surround Sound Over Ear USB Gaming Headset,799.92,2015-11
7281,CA-2016-162782,2016-02-21,2016-02-27,Standard Class,PW-19240,Pierre Wener,Consumer,United States,Columbia,Maryland,21044.0,East,OFF-BI-10003527,Office Supplies,Binders,Fellowes PB500 Electric Punch Plastic Comb Binding Machine with Manual Bind,2541.98,2016-02
7282,CA-2018-159282,2018-10-16,2018-10-21,Standard Class,GH-14410,Gary Hansen,Home Office,United States,Yuma,Arizona,85364.0,West,TEC-MA-10001148,Technology,Machines,Swingline SM12-08 MicroCut Jam Free Shredder,599.985,2018-10
7289,CA-2015-158281,2015-09-02,2015-09-07,Standard Class,AG-10525,Andy Gerbode,Corporate,United States,Houston,Texas,77095.0,Central,TEC-MA-10002210,Technology,Machines,Epson TM-T88V Direct Thermal Printer - Monochrome - Desktop,559.71,2015-09
7293,CA-2018-109183,2018-12-04,2018-12-09,Standard Class,LR-16915,Lena Radford,Consumer,United States,Nashville,Tennessee,37211.0,South,TEC-MA-10001856,Technology,Machines,Okidata C610n Printer,649.0,2018-12
7306,CA-2015-137274,2015-03-29,2015-04-02,Standard Class,MG-18145,Mike Gockenbach,Consumer,United States,Plano,Texas,75023.0,Central,FUR-TA-10001889,Furniture,Tables,Bush Advantage Collection Racetrack Conference Table,890.841,2015-03
7320,CA-2018-100097,2018-11-26,2018-11-29,Second Class,MN-17935,Michael Nguyen,Consumer,United States,New York City,New York,10009.0,East,TEC-PH-10002310,Technology,Phones,Plantronics Calisto P620-M USB Wireless Speakerphone System,979.95,2018-11
7329,US-2015-131275,2015-03-18,2015-03-24,Standard Class,SC-20050,Sample Company A,Home Office,United States,Burbank,California,91505.0,West,TEC-MA-10001148,Technology,Machines,Swingline SM12-08 MicroCut Jam Free Shredder,1279.968,2015-03
7330,US-2015-131275,2015-03-18,2015-03-24,Standard Class,SC-20050,Sample Company A,Home Office,United States,Burbank,California,91505.0,West,OFF-ST-10000078,Office Supplies,Storage,Tennsco 6- and 18-Compartment Lockers,1856.19,2015-03
7336,CA-2016-113152,2016-12-25,2016-12-30,Standard Class,JK-15625,Jim Karlsson,Consumer,United States,New York City,New York,10024.0,East,TEC-AC-10002049,Technology,Accessories,Plantronics Savi W720 Multi-Device Wireless Headset System,843.9,2016-12
7345,CA-2018-168389,2018-12-11,2018-12-17,Standard Class,DV-13045,Darrin Van Huff,Corporate,United States,Jacksonville,Florida,32216.0,South,FUR-TA-10004289,Furniture,Tables,BoxOffice By Design Rectangular and Half-Moon Meeting Room Tables,721.875,2018-12
7360,US-2015-115189,2015-12-30,2016-01-03,Second Class,AR-10345,Alex Russell,Corporate,United States,Philadelphia,Pennsylvania,19143.0,East,FUR-TA-10004575,Furniture,Tables,Hon 5100 Series Wood Tables,523.764,2015-12
7388,CA-2017-105732,2017-09-13,2017-09-18,Standard Class,AG-10270,Alejandro Grove,Consumer,United States,Omaha,Nebraska,68104.0,Central,FUR-FU-10003664,Furniture,Furnishings,"Electrix Architect's Clamp-On Swing Arm Lamp, Black",1336.44,2017-09
7397,CA-2017-110975,2017-12-25,2017-12-30,Standard Class,DB-12970,Darren Budd,Corporate,United States,New York City,New York,10024.0,East,FUR-CH-10003746,Furniture,Chairs,Hon 4070 Series Pagoda Round Back Stacking Chairs,866.646,2017-12
7398,CA-2015-141649,2015-09-30,2015-09-30,Same Day,DM-12955,Dario Medina,Corporate,United States,Fairfield,Ohio,45014.0,East,OFF-AP-10003217,Office Supplies,Appliances,Eureka Sanitaire  Commercial Upright,795.408,2015-09
7404,CA-2016-100146,2016-05-14,2016-05-19,Standard Class,CB-12535,Claudia Bergmann,Corporate,United States,Camarillo,California,93010.0,West,FUR-BO-10004015,Furniture,Bookcases,"Bush Andora Bookcase, Maple/Graphite Gray Finish",509.9575,2016-05
7407,CA-2016-100146,2016-05-14,2016-05-19,Standard Class,CB-12535,Claudia Bergmann,Corporate,United States,Camarillo,California,93010.0,West,FUR-CH-10004495,Furniture,Chairs,"Global Leather and Oak Executive Chair, Black",722.352,2016-05
7417,US-2017-114013,2017-03-13,2017-03-15,Second Class,SC-20770,Stewart Carmichael,Corporate,United States,Philadelphia,Pennsylvania,19134.0,East,TEC-PH-10001494,Technology,Phones,Polycom CX600 IP Phone VoIP phone,539.91,2017-03
7420,US-2017-114013,2017-03-13,2017-03-15,Second Class,SC-20770,Stewart Carmichael,Corporate,United States,Philadelphia,Pennsylvania,19134.0,East,OFF-ST-10002574,Office Supplies,Storage,"SAFCO Commercial Wire Shelving, Black",552.56,2017-03
7453,CA-2018-105669,2018-09-17,2018-09-22,Second Class,SJ-20125,Sanjit Jacobs,Home Office,United States,Houston,Texas,77036.0,Central,TEC-PH-10002415,Technology,Phones,Polycom VoiceStation 500 Conference phone,1415.76,2018-09
7456,CA-2017-137743,2017-07-30,2017-08-04,Standard Class,KH-16360,Katherine Hughes,Consumer,United States,Chicago,Illinois,60623.0,Central,OFF-ST-10001780,Office Supplies,Storage,Tennsco 16-Compartment Lockers with Coat Rack,1036.624,2017-07
7457,CA-2016-137974,2016-04-16,2016-04-18,First Class,LL-16840,Lauren Leatherbury,Consumer,United States,Waynesboro,Virginia,22980.0,South,TEC-PH-10002033,Technology,Phones,Konftel 250 Conference phone - Charcoal black,569.64,2016-04
7459,CA-2016-137974,2016-04-16,2016-04-18,First Class,LL-16840,Lauren Leatherbury,Consumer,United States,Waynesboro,Virginia,22980.0,South,FUR-FU-10001468,Furniture,Furnishings,Tenex Antistatic Computer Chair Mats,1196.86,2016-04
7460,CA-2016-137974,2016-04-16,2016-04-18,First Class,LL-16840,Lauren Leatherbury,Consumer,United States,Waynesboro,Virginia,22980.0,South,FUR-BO-10001519,Furniture,Bookcases,O'Sullivan 3-Shelf Heavy-Duty Bookcases,523.26,2016-04
7461,US-2016-136987,2016-04-11,2016-04-14,Second Class,AR-10540,Andy Reiter,Consumer,United States,Los Angeles,California,90004.0,West,TEC-CO-10001943,Technology,Copiers,Canon PC-428 Personal Copier,639.968,2016-04
7463,CA-2016-138485,2016-02-27,2016-03-01,Second Class,NP-18670,Nora Paige,Consumer,United States,Seattle,Washington,98105.0,West,TEC-AC-10002076,Technology,Accessories,Microsoft Natural Keyboard Elite,538.92,2016-02
7473,CA-2017-139997,2017-07-01,2017-07-03,First Class,EM-14140,Eugene Moren,Home Office,United States,Lehi,Utah,84043.0,West,TEC-CO-10000971,Technology,Copiers,Hewlett Packard 310 Color Digital Copier,1499.95,2017-07
7475,CA-2015-167199,2015-01-06,2015-01-10,Standard Class,ME-17320,Maria Etezadi,Home Office,United States,Henderson,Kentucky,42420.0,South,FUR-CH-10004063,Furniture,Chairs,Global Deluxe High-Back Manager's Chair,2573.82,2015-01
7476,CA-2015-167199,2015-01-06,2015-01-10,Standard Class,ME-17320,Maria Etezadi,Home Office,United States,Henderson,Kentucky,42420.0,South,OFF-BI-10004632,Office Supplies,Binders,Ibico Hi-Tech Manual Binding System,609.98,2015-01
7479,CA-2015-167199,2015-01-06,2015-01-10,Standard Class,ME-17320,Maria Etezadi,Home Office,United States,Henderson,Kentucky,42420.0,South,TEC-PH-10004539,Technology,Phones,Wireless Extenders zBoost YX545 SOHO Signal Booster,755.96,2015-01
7488,US-2016-134558,2016-12-19,2016-12-24,Second Class,PM-19135,Peter McVee,Home Office,United States,Dover,New Hampshire,3820.0,East,TEC-AC-10004145,Technology,Accessories,Logitech diNovo Edge Keyboard,2249.91,2016-12
7489,US-2016-134558,2016-12-19,2016-12-24,Second Class,PM-19135,Peter McVee,Home Office,United States,Dover,New Hampshire,3820.0,East,FUR-TA-10003473,Furniture,Tables,Bretford Rectangular Conference Table Tops,1053.164,2016-12
7494,US-2018-160836,2018-09-11,2018-09-16,Standard Class,CC-12475,Cindy Chapman,Consumer,United States,Houston,Texas,77070.0,Central,FUR-TA-10002855,Furniture,Tables,Bevis Round Conference Table Top & Single Column Base,512.19,2018-09
7510,US-2018-161935,2018-07-14,2018-07-18,Standard Class,JL-15835,John Lee,Consumer,United States,Columbus,Ohio,43229.0,East,TEC-PH-10000560,Technology,Phones,Samsung Galaxy S III - 16GB - pebble blue (T-Mobile),1889.946,2018-07
7521,US-2018-167920,2018-12-09,2018-12-12,Second Class,JL-15835,John Lee,Consumer,United States,Richmond,Kentucky,40475.0,South,TEC-CO-10001046,Technology,Copiers,Canon Imageclass D680 Copier / Fax,1399.98,2018-12
7526,CA-2015-125731,2015-09-10,2015-09-16,Standard Class,CL-12565,Clay Ludtke,Consumer,United States,Gresham,Oregon,97030.0,West,FUR-CH-10003973,Furniture,Chairs,GuestStacker Chair with Chrome Finish Legs,1487.04,2015-09
7531,US-2018-106145,2018-09-26,2018-09-26,Same Day,RA-19885,Ruben Ausman,Corporate,United States,San Francisco,California,94109.0,West,OFF-BI-10003925,Office Supplies,Binders,Fellowes PB300 Plastic Comb Binding Machine,931.176,2018-09
7543,US-2018-112347,2018-12-02,2018-12-06,Standard Class,BS-11380,Bill Stewart,Corporate,United States,Denver,Colorado,80219.0,West,FUR-FU-10001488,Furniture,Furnishings,"Tenex 46"" x 60"" Computer Anti-Static Chairmat, Rectangular Shaped",508.704,2018-12
7545,US-2018-112347,2018-12-02,2018-12-06,Standard Class,BS-11380,Bill Stewart,Corporate,United States,Denver,Colorado,80219.0,West,FUR-CH-10002335,Furniture,Chairs,Hon GuestStacker Chair,906.68,2018-12
7546,CA-2015-103492,2015-10-10,2015-10-15,Standard Class,CM-12715,Craig Molinari,Corporate,United States,Huntsville,Texas,77340.0,Central,TEC-PH-10001128,Technology,Phones,Motorola Droid Maxx,719.952,2015-10
7547,CA-2015-103492,2015-10-10,2015-10-15,Standard Class,CM-12715,Craig Molinari,Corporate,United States,Huntsville,Texas,77340.0,Central,TEC-PH-10004667,Technology,Phones,Cisco 8x8 Inc. 6753i IP Business Phone System,755.944,2015-10
7552,CA-2015-140396,2015-11-20,2015-11-25,Standard Class,KH-16330,Katharine Harms,Corporate,United States,New York City,New York,10024.0,East,TEC-PH-10004447,Technology,Phones,Toshiba IPT2010-SD IP Telephone,833.94,2015-11
7559,US-2015-137155,2015-11-01,2015-11-05,Standard Class,DL-12925,Daniel Lacy,Consumer,United States,Long Beach,New York,11561.0,East,OFF-AP-10002518,Office Supplies,Appliances,Kensington 7 Outlet MasterPiece Power Center,533.94,2015-11
7573,CA-2015-100916,2015-10-21,2015-10-26,Standard Class,FH-14275,Frank Hawley,Corporate,United States,Newport News,Virginia,23602.0,South,FUR-TA-10004607,Furniture,Tables,Hon 2111 Invitation Series Straight Table,591.32,2015-10
7579,CA-2017-138597,2017-12-18,2017-12-21,First Class,PN-18775,Parhena Norris,Home Office,United States,Omaha,Nebraska,68104.0,Central,FUR-CH-10004997,Furniture,Chairs,Hon Every-Day Series Multi-Task Chairs,563.94,2017-12
7580,CA-2016-123113,2016-11-23,2016-11-27,Second Class,AT-10735,Annie Thurman,Consumer,United States,Morristown,New Jersey,7960.0,East,OFF-AP-10000275,Office Supplies,Appliances,"Sanyo Counter Height Refrigerator with Crisper, 3.6 Cubic Foot, Stainless Steel/Black",2625.12,2016-11
7584,CA-2015-163223,2015-03-21,2015-03-25,Standard Class,KH-16690,Kristen Hastings,Corporate,United States,Springfield,Virginia,22153.0,South,TEC-PH-10000730,Technology,Phones,Samsung Galaxy S4 Active,3499.93,2015-03
7594,CA-2017-158778,2017-09-05,2017-09-09,Standard Class,DB-13210,Dean Braden,Consumer,United States,Philadelphia,Pennsylvania,19134.0,East,FUR-CH-10000309,Furniture,Chairs,Global Comet Stacking Arm Chair,887.271,2017-09
7607,CA-2017-101791,2017-05-27,2017-05-31,Standard Class,BS-11665,Brian Stugart,Consumer,United States,Chicago,Illinois,60623.0,Central,OFF-ST-10001496,Office Supplies,Storage,Standard Rollaway File with Lock,1297.368,2017-05
7618,CA-2017-144309,2017-12-10,2017-12-16,Standard Class,CM-12235,Chris McAfee,Consumer,United States,Watertown,New York,13601.0,East,OFF-BI-10003656,Office Supplies,Binders,Fellowes PB200 Plastic Comb Binding Machine,679.96,2017-12
7621,US-2015-144078,2015-11-25,2015-11-29,Standard Class,RB-19435,Richard Bierner,Consumer,United States,Los Angeles,California,90004.0,West,TEC-PH-10001580,Technology,Phones,Logitech Mobile Speakerphone P710e - speaker phone,539.92,2015-11
7622,US-2015-144078,2015-11-25,2015-11-29,Standard Class,RB-19435,Richard Bierner,Consumer,United States,Los Angeles,California,90004.0,West,FUR-CH-10002335,Furniture,Chairs,Hon GuestStacker Chair,725.344,2015-11
7625,CA-2016-136805,2016-05-23,2016-05-27,Second Class,NM-18445,Nathan Mautz,Home Office,United States,Detroit,Michigan,48234.0,Central,OFF-AP-10001394,Office Supplies,Appliances,Harmony Air Purifier,850.5,2016-05
7633,US-2018-158526,2018-12-29,2019-01-01,Second Class,KH-16360,Katherine Hughes,Consumer,United States,Louisville,Kentucky,40214.0,South,FUR-CH-10002602,Furniture,Chairs,DMI Arturo Collection Mission-style Design Wood Chair,1207.84,2018-12
7642,US-2017-157490,2017-10-06,2017-10-07,First Class,LB-16795,Laurel Beltran,Home Office,United States,Pueblo,Colorado,81001.0,West,TEC-MA-10001695,Technology,Machines,Zebra GK420t Direct Thermal/Thermal Transfer Printer,703.71,2017-10
7646,CA-2016-161452,2016-04-05,2016-04-11,Standard Class,CA-11965,Carol Adams,Corporate,United States,Los Angeles,California,90036.0,West,FUR-CH-10003973,Furniture,Chairs,GuestStacker Chair with Chrome Finish Legs,892.224,2016-04
7647,US-2015-115196,2015-09-09,2015-09-13,Standard Class,DL-12925,Daniel Lacy,Consumer,United States,Greenville,North Carolina,27834.0,South,TEC-MA-10002073,Technology,Machines,"3D Systems Cube Printer, 2nd Generation, White",1299.99,2015-09
7649,CA-2017-138968,2017-03-15,2017-03-16,First Class,FC-14335,Fred Chung,Corporate,United States,San Francisco,California,94110.0,West,FUR-CH-10000309,Furniture,Chairs,Global Comet Stacking Arm Chair,1352.032,2017-03
7650,CA-2016-101889,2016-12-27,2016-12-31,Standard Class,DB-13120,David Bremer,Corporate,United States,Marion,Ohio,43302.0,East,FUR-TA-10004154,Furniture,Tables,"Riverside Furniture Oval Coffee Table, Oval End Table, End Table with Drawer",1548.99,2016-12
7667,US-2017-140158,2017-10-04,2017-10-08,Standard Class,DR-12940,Daniel Raglin,Home Office,United States,Providence,Rhode Island,2908.0,East,TEC-CO-10001449,Technology,Copiers,Hewlett Packard LaserJet 3310 Copier,5399.91,2017-10
7680,CA-2015-133592,2015-12-31,2016-01-07,Standard Class,KM-16375,Katherine Murray,Home Office,United States,Providence,Rhode Island,2908.0,East,TEC-AC-10002049,Technology,Accessories,Plantronics Savi W720 Multi-Device Wireless Headset System,1687.8,2015-12
7682,CA-2015-133592,2015-12-31,2016-01-07,Standard Class,KM-16375,Katherine Murray,Home Office,United States,Providence,Rhode Island,2908.0,East,FUR-CH-10004218,Furniture,Chairs,"Global Fabric Manager's Chair, Dark Gray",605.88,2015-12
7684,CA-2016-120782,2016-04-28,2016-05-01,First Class,SD-20485,Shirley Daniels,Home Office,United States,Midland,Michigan,48640.0,Central,OFF-BI-10003527,Office Supplies,Binders,Fellowes PB500 Electric Punch Plastic Comb Binding Machine with Manual Bind,3812.97,2016-04
7686,CA-2016-116876,2016-02-14,2016-02-21,Standard Class,TT-21070,Ted Trevino,Consumer,United States,Rochester,New York,14609.0,East,TEC-PH-10002584,Technology,Phones,Samsung Galaxy S4,625.99,2016-02
7687,CA-2017-169838,2017-11-25,2017-11-29,Standard Class,BB-11545,Brenda Bowman,Corporate,United States,Jackson,Michigan,49201.0,Central,FUR-TA-10001095,Furniture,Tables,Chromcraft Round Conference Tables,1568.61,2017-11
7691,US-2018-128951,2018-07-15,2018-07-17,First Class,RS-19420,Ricardo Sperren,Corporate,United States,Suffolk,Virginia,23434.0,South,FUR-TA-10004575,Furniture,Tables,Hon 5100 Series Wood Tables,872.94,2018-07
7698,CA-2018-151799,2018-12-14,2018-12-18,Standard Class,BF-11170,Ben Ferrer,Home Office,United States,Lawrence,Massachusetts,1841.0,East,TEC-CO-10002313,Technology,Copiers,Canon PC1080F Personal Copier,1199.98,2018-12
7702,CA-2018-151799,2018-12-14,2018-12-18,Standard Class,BF-11170,Ben Ferrer,Home Office,United States,Lawrence,Massachusetts,1841.0,East,FUR-TA-10003473,Furniture,Tables,Bretford Rectangular Conference Table Tops,526.582,2018-12
7745,CA-2017-133613,2017-06-17,2017-06-22,Standard Class,CP-12340,Christine Phan,Corporate,United States,Waterbury,Connecticut,6708.0,East,TEC-PH-10004539,Technology,Phones,Wireless Extenders zBoost YX545 SOHO Signal Booster,566.97,2017-06
7766,US-2018-118941,2018-08-12,2018-08-12,Same Day,BB-11545,Brenda Bowman,Corporate,United States,Columbia,Maryland,21044.0,East,FUR-CH-10002331,Furniture,Chairs,Hon 4700 Series Mobuis Mid-Back Task Chairs with Adjustable Arms,1779.9,2018-08
7770,CA-2017-155978,2017-08-01,2017-08-01,Same Day,TS-21205,Thomas Seio,Corporate,United States,Riverside,California,92503.0,West,TEC-PH-10002885,Technology,Phones,Apple iPhone 5,1039.728,2017-08
7773,CA-2017-108196,2017-11-25,2017-12-02,Standard Class,CS-12505,Cindy Stewart,Consumer,United States,Lancaster,Ohio,43130.0,East,TEC-MA-10000418,Technology,Machines,Cubify CubeX 3D Printer Double Head Print,4499.985,2017-11
7784,CA-2017-162236,2017-11-04,2017-11-06,Second Class,ER-13855,Elpida Rittenbach,Corporate,United States,Charlotte,North Carolina,28205.0,South,FUR-TA-10002533,Furniture,Tables,BPI Conference Tables,876.3,2017-11
7804,CA-2016-102260,2016-09-22,2016-09-26,Standard Class,SJ-20125,Sanjit Jacobs,Home Office,United States,Franklin,Tennessee,37064.0,South,OFF-ST-10003716,Office Supplies,Storage,Tennsco Double-Tier Lockers,720.064,2016-09
7813,CA-2017-134334,2017-02-14,2017-02-15,First Class,DK-13090,Dave Kipp,Consumer,United States,Clinton,Maryland,20735.0,East,FUR-TA-10002356,Furniture,Tables,Bevis Boat-Shaped Conference Table,550.431,2017-02
7815,US-2018-109316,2018-06-08,2018-06-10,First Class,MG-17680,Maureen Gastineau,Home Office,United States,Los Angeles,California,90049.0,West,FUR-BO-10004834,Furniture,Bookcases,"Riverside Palais Royal Lawyers Bookcase, Royale Cherry Finish",1497.666,2018-06
7819,CA-2017-138478,2017-10-21,2017-10-26,Second Class,DP-13390,Dennis Pardue,Home Office,United States,North Las Vegas,Nevada,89031.0,West,OFF-BI-10001120,Office Supplies,Binders,Ibico EPK-21 Electric Binding System,4535.976,2017-10
7821,CA-2018-152436,2018-12-08,2018-12-10,Second Class,CW-11905,Carl Weiss,Home Office,United States,Cranston,Rhode Island,2920.0,East,OFF-ST-10000036,Office Supplies,Storage,"Recycled Data-Pak for Archival Bound Computer Printouts, 12-1/2 x 12-1/2 x 16",592.74,2018-12
7827,CA-2018-117114,2018-10-31,2018-11-05,Standard Class,CY-12745,Craig Yedwab,Corporate,United States,Chicago,Illinois,60610.0,Central,TEC-PH-10004042,Technology,Phones,ClearOne Communications CHAT 70 OC Speaker Phone,508.768,2018-10
7841,US-2015-137869,2015-03-28,2015-04-02,Standard Class,CV-12295,Christina VanderZanden,Consumer,United States,Des Moines,Iowa,50315.0,Central,FUR-TA-10003954,Furniture,Tables,Hon 94000 Series Round Tables,1184.72,2015-03
7847,CA-2016-125976,2016-09-27,2016-10-02,Standard Class,JK-15205,Jamie Kunitz,Consumer,United States,Arlington,Virginia,22204.0,South,TEC-PH-10002496,Technology,Phones,Cisco SPA301,1871.88,2016-09
7873,CA-2017-101672,2017-10-03,2017-10-07,Standard Class,DB-12910,Daniel Byrd,Home Office,United States,Lake Forest,California,92630.0,West,FUR-CH-10004063,Furniture,Chairs,Global Deluxe High-Back Manager's Chair,915.136,2017-10
7899,CA-2018-128363,2018-08-13,2018-08-18,Standard Class,DC-12850,Dan Campbell,Consumer,United States,Memphis,Tennessee,38109.0,South,OFF-BI-10001359,Office Supplies,Binders,GBC DocuBind TL300 Electric Binding System,1614.582,2018-08
7908,CA-2017-112585,2017-07-30,2017-08-02,First Class,RW-19630,Rob Williams,Corporate,United States,San Francisco,California,94122.0,West,OFF-AP-10003849,Office Supplies,Appliances,Hoover Shoulder Vac Commercial Portable Vacuum,715.64,2017-07
7915,CA-2018-165323,2018-06-17,2018-06-21,Standard Class,SR-20740,Steven Roelle,Home Office,United States,New York City,New York,10024.0,East,TEC-MA-10003673,Technology,Machines,Hewlett-Packard Desktjet 6988DT Refurbished Printer,3404.5,2018-06
7928,CA-2018-120404,2018-11-20,2018-11-24,Second Class,KH-16330,Katharine Harms,Corporate,United States,New York City,New York,10035.0,East,TEC-PH-10001363,Technology,Phones,Apple iPhone 5S,569.99,2018-11
7938,CA-2018-166093,2018-08-17,2018-08-24,Standard Class,RW-19540,Rick Wilson,Corporate,United States,Brentwood,California,94513.0,West,OFF-AP-10001058,Office Supplies,Appliances,Sanyo 2.5 Cubic Foot Mid-Size Office Refrigerators,2518.29,2018-08
7939,CA-2018-166093,2018-08-17,2018-08-24,Standard Class,RW-19540,Rick Wilson,Corporate,United States,Brentwood,California,94513.0,West,OFF-ST-10001496,Office Supplies,Storage,Standard Rollaway File with Lock,540.57,2018-08
7953,CA-2016-145814,2016-11-19,2016-11-24,Standard Class,KD-16345,Katherine Ducich,Consumer,United States,New York City,New York,10035.0,East,TEC-PH-10002200,Technology,Phones,Aastra 6757i CT Wireless VoIP phone,861.76,2016-11
7971,US-2016-126753,2016-08-16,2016-08-20,Standard Class,SP-20860,Sung Pak,Corporate,United States,Philadelphia,Pennsylvania,19134.0,East,TEC-PH-10003580,Technology,Phones,Cisco IP Phone 7961G-GE VoIP phone,519.792,2016-08
7978,CA-2015-166051,2015-05-31,2015-06-05,Standard Class,JK-15625,Jim Karlsson,Consumer,United States,Jackson,Mississippi,39212.0,South,TEC-PH-10002680,Technology,Phones,Samsung Galaxy Note 3,659.97,2015-05
7998,US-2018-105998,2018-11-03,2018-11-05,First Class,CR-12580,Clay Rozendal,Home Office,United States,San Diego,California,92037.0,West,FUR-TA-10001095,Furniture,Tables,Chromcraft Round Conference Tables,1673.184,2018-11
8008,CA-2016-110863,2016-11-17,2016-11-24,Standard Class,AA-10645,Anna Andreadi,Consumer,United States,Oklahoma City,Oklahoma,73120.0,Central,OFF-ST-10002756,Office Supplies,Storage,"Tennsco Stur-D-Stor Boltless Shelving, 5 Shelves, 24"" Deep, Sand",541.24,2016-11
8010,CA-2016-110863,2016-11-17,2016-11-24,Standard Class,AA-10645,Anna Andreadi,Consumer,United States,Oklahoma City,Oklahoma,73120.0,Central,FUR-CH-10002073,Furniture,Chairs,Hon Olson Stacker Chairs,1323.9,2016-11
8013,CA-2018-120168,2018-05-25,2018-05-25,Same Day,TB-21625,Trudy Brown,Consumer,United States,New York City,New York,10009.0,East,OFF-BI-10004519,Office Supplies,Binders,GBC DocuBind P100 Manual Binding Machine,663.92,2018-05
8024,CA-2015-129189,2015-07-21,2015-07-25,Standard Class,HM-14860,Harry Marie,Corporate,United States,Dallas,Texas,75217.0,Central,FUR-CH-10004997,Furniture,Chairs,Hon Every-Day Series Multi-Task Chairs,657.93,2015-07
8029,CA-2016-132465,2016-09-11,2016-09-15,Second Class,DM-13525,Don Miller,Corporate,United States,New York City,New York,10035.0,East,OFF-ST-10001932,Office Supplies,Storage,Fellowes Staxonsteel Drawer Files,772.68,2016-09
8041,CA-2018-121489,2018-08-21,2018-08-25,Second Class,CM-11815,Candace McMahon,Corporate,United States,Seattle,Washington,98115.0,West,OFF-ST-10000025,Office Supplies,Storage,Fellowes Stor/Drawer Steel Plus Storage Drawers,572.58,2018-08
8049,CA-2017-168543,2017-07-03,2017-07-07,Standard Class,DK-13225,Dean Katz,Corporate,United States,New York City,New York,10035.0,East,OFF-AP-10000938,Office Supplies,Appliances,Avanti 1.7 Cu. Ft. Refrigerator,706.86,2017-07
8055,CA-2016-121188,2016-08-28,2016-09-04,Standard Class,CB-12025,Cassandra Brandow,Consumer,United States,Los Angeles,California,90049.0,West,OFF-ST-10001490,Office Supplies,Storage,"Hot File 7-Pocket, Floor Stand",892.35,2016-08
8057,CA-2016-121188,2016-08-28,2016-09-04,Standard Class,CB-12025,Cassandra Brandow,Consumer,United States,Los Angeles,California,90049.0,West,OFF-ST-10000736,Office Supplies,Storage,Carina Double Wide Media Storage Towers in Natural & Black,728.82,2016-08
8085,CA-2016-150714,2016-10-26,2016-11-01,Standard Class,KH-16690,Kristen Hastings,Corporate,United States,Springfield,Oregon,97477.0,West,OFF-ST-10001809,Office Supplies,Storage,Fellowes Officeware Wire Shelving,718.64,2016-10
8101,CA-2017-169663,2017-03-10,2017-03-13,First Class,RH-19510,Rick Huthwaite,Home Office,United States,Los Angeles,California,90045.0,West,TEC-MA-10000984,Technology,Machines,Okidata MB760 Printer,3357.6,2017-03
8103,CA-2016-149846,2016-05-22,2016-05-26,Standard Class,SB-20185,Sarah Brown,Consumer,United States,Los Angeles,California,90045.0,West,TEC-MA-10004002,Technology,Machines,Zebra GX420t Direct Thermal/Thermal Transfer Printer,2973.32,2016-05
8105,CA-2016-149846,2016-05-22,2016-05-26,Standard Class,SB-20185,Sarah Brown,Consumer,United States,Los Angeles,California,90045.0,West,TEC-PH-10003645,Technology,Phones,Aastra 57i VoIP phone,775.728,2016-05
8119,US-2018-106551,2018-07-22,2018-07-27,Standard Class,EB-13930,Eric Barreto,Consumer,United States,Chicago,Illinois,60653.0,Central,FUR-CH-10004997,Furniture,Chairs,Hon Every-Day Series Multi-Task Chairs,526.344,2018-07
8124,CA-2015-138128,2015-12-09,2015-12-15,Standard Class,FP-14320,Frank Preis,Consumer,United States,Philadelphia,Pennsylvania,19134.0,East,TEC-CO-10001766,Technology,Copiers,Canon PC940 Copier,1079.976,2015-12
8128,CA-2016-137064,2016-02-06,2016-02-13,Standard Class,TS-21655,Trudy Schmidt,Consumer,United States,Houston,Texas,77070.0,Central,OFF-ST-10003470,Office Supplies,Storage,"Tennsco Snap-Together Open Shelving Units, Starter Sets and Add-On Units",670.752,2016-02
8133,CA-2015-127866,2015-07-20,2015-07-23,First Class,JD-15895,Jonathan Doherty,Corporate,United States,Riverside,California,92503.0,West,OFF-ST-10001490,Office Supplies,Storage,"Hot File 7-Pocket, Floor Stand",535.41,2015-07
8137,CA-2017-118073,2017-08-12,2017-08-16,Standard Class,CS-12490,Cindy Schnelling,Corporate,United States,Lakeland,Florida,33801.0,South,FUR-TA-10002533,Furniture,Tables,BPI Conference Tables,562.2925,2017-08
8144,CA-2017-100993,2017-02-05,2017-02-10,Standard Class,AZ-10750,Annie Zypern,Consumer,United States,San Diego,California,92037.0,West,FUR-TA-10001095,Furniture,Tables,Chromcraft Round Conference Tables,557.728,2017-02
8154,CA-2018-140151,2018-03-23,2018-03-25,First Class,RB-19360,Raymond Buch,Consumer,United States,Seattle,Washington,98115.0,West,TEC-CO-10004722,Technology,Copiers,Canon imageCLASS 2200 Advanced Copier,13999.96,2018-03
8158,CA-2017-103464,2017-11-18,2017-11-22,Standard Class,PG-18820,Patrick Gardner,Consumer,United States,San Diego,California,92105.0,West,TEC-AC-10002842,Technology,Accessories,WD My Passport Ultra 2TB Portable External Hard Drive,595.0,2017-11
8167,CA-2016-168207,2016-11-02,2016-11-06,Standard Class,LT-17110,Liz Thompson,Consumer,United States,San Diego,California,92105.0,West,FUR-BO-10004357,Furniture,Bookcases,O'Sullivan Living Dimensions 3-Shelf Bookcases,512.499,2016-11
8168,CA-2017-144148,2017-07-31,2017-08-05,Standard Class,AH-10690,Anna Häberlin,Corporate,United States,San Francisco,California,94122.0,West,FUR-TA-10002774,Furniture,Tables,Laminate Occasional Tables,863.128,2017-07
8169,CA-2018-107174,2018-11-06,2018-11-13,Standard Class,AB-10060,Adam Bellavance,Home Office,United States,Seattle,Washington,98105.0,West,FUR-TA-10004575,Furniture,Tables,Hon 5100 Series Wood Tables,2036.86,2018-11
8179,CA-2017-166429,2017-09-02,2017-09-08,Standard Class,TG-21310,Toby Gnade,Consumer,United States,Des Moines,Washington,98198.0,West,TEC-CO-10002095,Technology,Copiers,Hewlett Packard 610 Color Digital Copier / Printer,999.98,2017-09
8181,CA-2016-119879,2016-11-21,2016-11-25,Standard Class,SS-20410,Shahid Shariari,Consumer,United States,Philadelphia,Pennsylvania,19120.0,East,FUR-TA-10002958,Furniture,Tables,"Bevis Oval Conference Table, Walnut",1252.704,2016-11
8203,CA-2016-114811,2016-11-08,2016-11-08,Same Day,KD-16495,Keith Dawkins,Corporate,United States,New York City,New York,10024.0,East,TEC-PH-10004165,Technology,Phones,Mitel MiVoice 5330e IP Phone,549.98,2016-11
8205,CA-2016-114811,2016-11-08,2016-11-08,Same Day,KD-16495,Keith Dawkins,Corporate,United States,New York City,New York,10024.0,East,TEC-MA-10000045,Technology,Machines,Zebra ZM400 Thermal Label Printer,4643.8,2016-11
8206,CA-2016-114811,2016-11-08,2016-11-08,Same Day,KD-16495,Keith Dawkins,Corporate,United States,New York City,New York,10024.0,East,FUR-CH-10003746,Furniture,Chairs,Hon 4070 Series Pagoda Round Back Stacking Chairs,577.764,2016-11
8209,CA-2016-141565,2016-09-20,2016-09-24,Standard Class,BG-11035,Barry Gonzalez,Consumer,United States,Nashville,Tennessee,37211.0,South,OFF-BI-10000545,Office Supplies,Binders,GBC Ibimaster 500 Manual ProClick Binding System,1369.764,2016-09
8232,CA-2017-162355,2017-06-30,2017-07-02,Second Class,PF-19165,Philip Fox,Consumer,United States,Sandy Springs,Georgia,30328.0,South,FUR-BO-10004695,Furniture,Bookcases,O'Sullivan 2-Door Barrister Bookcase in Odessa Pine,1266.86,2017-06
8236,CA-2018-102204,2018-05-01,2018-05-06,Standard Class,CJ-12010,Caroline Jumper,Consumer,United States,Jacksonville,Florida,32216.0,South,FUR-TA-10001889,Furniture,Tables,Bush Advantage Collection Racetrack Conference Table,933.262,2018-05
8237,CA-2018-102204,2018-05-01,2018-05-06,Standard Class,CJ-12010,Caroline Jumper,Consumer,United States,Jacksonville,Florida,32216.0,South,FUR-CH-10002024,Furniture,Chairs,HON 5400 Series Task Chairs for Big and Tall,2803.92,2018-05
8244,CA-2015-109897,2015-08-12,2015-08-16,Standard Class,BW-11200,Ben Wallace,Consumer,United States,San Francisco,California,94122.0,West,TEC-PH-10003691,Technology,Phones,BlackBerry Q10,806.336,2015-08
8249,CA-2017-133816,2017-05-10,2017-05-13,Second Class,CS-12400,Christopher Schild,Home Office,United States,Philadelphia,Pennsylvania,19134.0,East,TEC-PH-10001795,Technology,Phones,ClearOne CHATAttach 160 - speaker phone,743.988,2017-05
8270,CA-2018-121790,2018-01-30,2018-02-06,Standard Class,LP-17095,Liz Preis,Consumer,United States,Aurora,Illinois,60505.0,Central,TEC-PH-10002584,Technology,Phones,Samsung Galaxy S4,2003.168,2018-01
8272,CA-2017-169670,2017-12-25,2017-12-31,Standard Class,JE-15715,Joe Elijah,Consumer,United States,New York City,New York,10009.0,East,FUR-CH-10002331,Furniture,Chairs,Hon 4700 Series Mobuis Mid-Back Task Chairs with Adjustable Arms,2563.056,2017-12
8275,CA-2018-164112,2018-06-30,2018-07-04,Standard Class,ND-18460,Neil Ducich,Corporate,United States,Mount Vernon,New York,10550.0,East,OFF-ST-10002615,Office Supplies,Storage,"Dual Level, Single-Width Filing Carts",1085.42,2018-06
8280,CA-2018-146192,2018-04-22,2018-04-26,Standard Class,BD-11725,Bruce Degenhardt,Consumer,United States,Columbus,Georgia,31907.0,South,OFF-ST-10003716,Office Supplies,Storage,Tennsco Double-Tier Lockers,675.06,2018-04
8283,CA-2016-154284,2016-12-21,2016-12-26,Second Class,SZ-20035,Sam Zeldin,Home Office,United States,Saint Charles,Illinois,60174.0,Central,TEC-MA-10004241,Technology,Machines,Star Micronics TSP800 TSP847IIU Receipt Printer,600.53,2016-12
8285,CA-2016-154284,2016-12-21,2016-12-26,Second Class,SZ-20035,Sam Zeldin,Home Office,United States,Saint Charles,Illinois,60174.0,Central,TEC-AC-10003198,Technology,Accessories,Enermax Acrylux Wireless Keyboard,637.44,2016-12
8302,US-2018-167318,2018-07-26,2018-08-01,Standard Class,GZ-14545,George Zrebassa,Corporate,United States,Los Angeles,California,90036.0,West,TEC-AC-10003870,Technology,Accessories,Logitech Z-906 Speaker sys - home theater - 5.1-CH,1649.95,2018-07
8313,US-2018-105935,2018-01-26,2018-01-31,Standard Class,BD-11500,Bradley Drucker,Consumer,United States,Columbus,Georgia,31907.0,South,TEC-PH-10001459,Technology,Phones,Samsung Galaxy Mega 6.3,2939.93,2018-01
8314,CA-2015-161508,2015-07-12,2015-07-16,Standard Class,PV-18985,Paul Van Hugh,Home Office,United States,League City,Texas,77573.0,Central,FUR-CH-10002126,Furniture,Chairs,Hon Deluxe Fabric Upholstered Stacking Chairs,512.358,2015-07
8363,CA-2018-147207,2018-01-02,2018-01-04,Second Class,TS-21655,Trudy Schmidt,Consumer,United States,El Paso,Texas,79907.0,Central,FUR-TA-10002958,Furniture,Tables,"Bevis Oval Conference Table, Walnut",913.43,2018-01
8365,CA-2018-137631,2018-04-28,2018-05-02,Standard Class,JL-15235,Janet Lee,Consumer,United States,Kissimmee,Florida,34741.0,South,TEC-PH-10002624,Technology,Phones,Samsung Galaxy S4 Mini,751.984,2018-04
8366,CA-2018-157273,2018-01-30,2018-02-02,First Class,SZ-20035,Sam Zeldin,Home Office,United States,Seattle,Washington,98105.0,West,TEC-PH-10002275,Technology,Phones,Mitel 5320 IP Phone VoIP phone,604.768,2018-01
8370,CA-2017-118745,2017-06-11,2017-06-16,Standard Class,SV-20365,Seth Vernon,Consumer,United States,Los Angeles,California,90049.0,West,FUR-TA-10003473,Furniture,Tables,Bretford Rectangular Conference Table Tops,902.712,2017-06
8395,CA-2017-142594,2017-12-01,2017-12-06,Second Class,EJ-14155,Eva Jacobs,Consumer,United States,Franklin,Massachusetts,2038.0,East,OFF-AP-10002945,Office Supplies,Appliances,Honeywell Enviracaire Portable HEPA Air Cleaner for 17' x 22' Room,901.95,2017-12
8411,CA-2017-130820,2017-11-15,2017-11-15,Same Day,ON-18715,Odella Nelson,Corporate,United States,Burlington,North Carolina,27217.0,South,FUR-TA-10001768,Furniture,Tables,Hon Racetrack Conference Tables,630.024,2017-11
8413,CA-2018-132290,2018-03-10,2018-03-14,Standard Class,MD-17350,Maribeth Dona,Consumer,United States,Dallas,Texas,75217.0,Central,FUR-TA-10002228,Furniture,Tables,"Bevis Traditional Conference Table Top, Plinth Base",933.408,2018-03
8425,CA-2018-150091,2018-10-12,2018-10-16,Standard Class,NP-18670,Nora Paige,Consumer,United States,Lakewood,New Jersey,8701.0,East,FUR-BO-10003404,Furniture,Bookcases,"Global Adaptabilites Bookcase, Cherry/Storm Gray Finish",2154.9,2018-10
8449,CA-2018-125451,2018-10-23,2018-10-24,First Class,AH-10075,Adam Hart,Corporate,United States,Cranston,Rhode Island,2920.0,East,FUR-TA-10004915,Furniture,Tables,"Office Impressions End Table, 20-1/2""H x 24""W x 20""D",637.896,2018-10
8452,CA-2015-131387,2015-04-28,2015-04-30,First Class,AI-10855,Arianne Irving,Consumer,United States,San Francisco,California,94122.0,West,TEC-PH-10001459,Technology,Phones,Samsung Galaxy Mega 6.3,1679.96,2015-04
8454,CA-2017-125087,2017-04-18,2017-04-23,Standard Class,TH-21115,Thea Hudgings,Corporate,United States,Houston,Texas,77070.0,Central,OFF-ST-10001780,Office Supplies,Storage,Tennsco 16-Compartment Lockers with Coat Rack,1554.936,2017-04
8469,US-2017-164196,2017-11-11,2017-11-17,Standard Class,AS-10285,Alejandro Savely,Corporate,United States,Noblesville,Indiana,46060.0,Central,FUR-TA-10001950,Furniture,Tables,Balt Solid Wood Round Tables,2678.94,2017-11
8478,CA-2016-145758,2016-10-30,2016-10-30,Same Day,BF-11020,Barry Französisch,Corporate,United States,New York City,New York,10024.0,East,TEC-MA-10004552,Technology,Machines,Star Micronics TSP100 TSP143LAN Receipt Printer,1035.8,2016-10
8489,CA-2017-158841,2017-02-02,2017-02-04,Second Class,SE-20110,Sanjit Engle,Consumer,United States,Arlington,Virginia,22204.0,South,TEC-MA-10001127,Technology,Machines,"HP Designjet T520 Inkjet Large Format Printer - 24"" Color",8749.95,2017-02
8553,CA-2015-140473,2015-05-30,2015-06-03,Standard Class,MC-17425,Mark Cousins,Corporate,United States,Chicago,Illinois,60623.0,Central,TEC-CO-10004202,Technology,Copiers,Brother DCP1000 Digital 3 in 1 Multifunction Machine,719.976,2015-05
8555,CA-2017-102092,2017-12-09,2017-12-11,First Class,PM-18940,Paul MacIntyre,Consumer,United States,Springfield,Virginia,22153.0,South,FUR-TA-10002530,Furniture,Tables,"Iceberg OfficeWorks 42"" Round Tables",1056.86,2017-12
8563,CA-2017-123540,2017-04-02,2017-04-06,Second Class,DJ-13420,Denny Joy,Corporate,United States,Milwaukee,Wisconsin,53209.0,Central,FUR-CH-10000847,Furniture,Chairs,Global Executive Mid-Back Manager's Chair,1454.9,2017-04
8569,CA-2017-162390,2017-12-06,2017-12-12,Standard Class,DP-13105,Dave Poirier,Corporate,United States,Hempstead,New York,11550.0,East,OFF-BI-10004318,Office Supplies,Binders,Ibico EB-19 Dual Function Manual Binding System,968.744,2017-12
8573,CA-2015-121629,2015-11-28,2015-12-02,Standard Class,BT-11680,Brian Thompson,Consumer,United States,Houston,Texas,77041.0,Central,TEC-MA-10004679,Technology,Machines,StarTech.com 10/100 VDSL2 Ethernet Extender Kit,998.85,2015-11
8578,CA-2018-146164,2018-12-22,2018-12-26,Standard Class,CM-12190,Charlotte Melton,Consumer,United States,Rochester,Minnesota,55901.0,Central,FUR-TA-10004915,Furniture,Tables,"Office Impressions End Table, 20-1/2""H x 24""W x 20""D",607.52,2018-12
8587,CA-2018-162015,2018-07-11,2018-07-18,Standard Class,KB-16240,Karen Bern,Corporate,United States,Los Angeles,California,90049.0,West,TEC-AC-10003832,Technology,Accessories,Logitech P710e Mobile Speakerphone,1287.45,2018-07
8633,CA-2017-107783,2017-07-28,2017-07-29,First Class,OT-18730,Olvera Toch,Consumer,United States,Bethlehem,Pennsylvania,18018.0,East,OFF-BI-10000545,Office Supplies,Binders,GBC Ibimaster 500 Manual ProClick Binding System,1369.764,2017-07
8637,CA-2015-160094,2015-04-30,2015-05-02,First Class,JM-16195,Justin MacKendrick,Consumer,United States,Louisville,Kentucky,40214.0,South,OFF-ST-10000585,Office Supplies,Storage,Economy Rollaway Files,826.0,2015-04
8641,US-2018-148551,2018-01-12,2018-01-16,Standard Class,DB-13120,David Bremer,Corporate,United States,Dallas,Texas,75217.0,Central,OFF-BI-10000545,Office Supplies,Binders,GBC Ibimaster 500 Manual ProClick Binding System,760.98,2018-01
8649,CA-2017-164574,2017-07-29,2017-08-03,Standard Class,RH-19555,Ritsa Hightower,Consumer,United States,Charlotte,North Carolina,28205.0,South,OFF-ST-10003816,Office Supplies,Storage,Fellowes High-Stak Drawer Files,704.76,2017-07
8661,CA-2018-124765,2018-11-25,2018-11-30,Standard Class,HZ-14950,Henia Zydlo,Consumer,United States,Fort Lauderdale,Florida,33311.0,South,FUR-BO-10003965,Furniture,Bookcases,O'Sullivan Manor Hill 2-Door Library in Brianna Oak,723.92,2018-11
8663,CA-2016-131856,2016-05-12,2016-05-17,Standard Class,JG-15160,James Galang,Consumer,United States,Houston,Texas,77041.0,Central,TEC-PH-10001336,Technology,Phones,Digium D40 VoIP phone,619.152,2016-05
8674,CA-2018-163265,2018-02-16,2018-02-21,Standard Class,JS-16030,Joy Smith,Consumer,United States,Decatur,Illinois,62521.0,Central,FUR-CH-10004063,Furniture,Chairs,Global Deluxe High-Back Manager's Chair,600.558,2018-02
8678,CA-2018-141705,2018-10-24,2018-10-26,First Class,PO-18850,Patrick O'Brill,Consumer,United States,Mansfield,Texas,76063.0,Central,FUR-TA-10004607,Furniture,Tables,Hon 2111 Invitation Series Straight Table,517.405,2018-10
8681,CA-2017-143805,2017-12-01,2017-12-03,Second Class,JD-15895,Jonathan Doherty,Corporate,United States,Richmond,Virginia,23223.0,South,OFF-AP-10002945,Office Supplies,Appliances,Honeywell Enviracaire Portable HEPA Air Cleaner for 17' x 22' Room,2104.55,2017-12
8700,CA-2018-119284,2018-06-15,2018-06-20,Standard Class,TS-21205,Thomas Seio,Corporate,United States,Nashville,Tennessee,37211.0,South,TEC-PH-10000560,Technology,Phones,Samsung Galaxy S III - 16GB - pebble blue (T-Mobile),2239.936,2018-06
8712,CA-2015-105648,2015-03-03,2015-03-07,Standard Class,EJ-14155,Eva Jacobs,Consumer,United States,San Diego,California,92037.0,West,FUR-TA-10002958,Furniture,Tables,"Bevis Oval Conference Table, Walnut",626.352,2015-03
8735,CA-2018-116988,2018-06-27,2018-06-29,Second Class,PW-19030,Pauline Webber,Corporate,United States,Seattle,Washington,98105.0,West,TEC-AC-10003832,Technology,Accessories,Logitech P710e Mobile Speakerphone,1287.45,2018-06
8737,CA-2017-168774,2017-09-04,2017-09-09,Standard Class,RP-19855,Roy Phan,Corporate,United States,Woodbury,Minnesota,55125.0,Central,OFF-ST-10001490,Office Supplies,Storage,"Hot File 7-Pocket, Floor Stand",535.41,2017-09
8750,US-2016-163825,2016-06-16,2016-06-19,First Class,LC-16885,Lena Creighton,Consumer,United States,New York City,New York,10009.0,East,OFF-BI-10003527,Office Supplies,Binders,Fellowes PB500 Electric Punch Plastic Comb Binding Machine with Manual Bind,3050.376,2016-06
8761,CA-2017-159891,2017-01-31,2017-02-06,Standard Class,BF-11170,Ben Ferrer,Home Office,United States,Atlanta,Georgia,30318.0,South,OFF-BI-10003527,Office Supplies,Binders,Fellowes PB500 Electric Punch Plastic Comb Binding Machine with Manual Bind,1270.99,2017-01
8772,CA-2018-115882,2018-09-14,2018-09-17,First Class,DB-13555,Dorothy Badders,Corporate,United States,Raleigh,North Carolina,27604.0,South,OFF-AP-10002534,Office Supplies,Appliances,3.6 Cubic Foot Counter Height Office Refrigerator,942.784,2018-09
8777,CA-2017-102813,2017-07-02,2017-07-03,First Class,EA-14035,Erin Ashbrook,Corporate,United States,Huntsville,Texas,77340.0,Central,FUR-CH-10000665,Furniture,Chairs,"Global Airflow Leather Mesh Back Chair, Black",528.43,2017-07
8782,CA-2016-133585,2016-03-01,2016-03-04,First Class,CM-12715,Craig Molinari,Corporate,United States,Houston,Texas,77070.0,Central,FUR-BO-10001811,Furniture,Bookcases,"Atlantic Metals Mobile 5-Shelf Bookcases, Custom Colors",1227.9984,2016-03
8784,CA-2017-116911,2017-09-15,2017-09-20,Standard Class,JD-16150,Justin Deggeller,Corporate,United States,Twin Falls,Idaho,83301.0,West,FUR-TA-10003473,Furniture,Tables,Bretford Rectangular Conference Table Tops,1128.39,2017-09
8789,CA-2018-126914,2018-06-15,2018-06-19,Standard Class,JE-15715,Joe Elijah,Consumer,United States,Monroe,North Carolina,28110.0,South,FUR-CH-10000847,Furniture,Chairs,Global Executive Mid-Back Manager's Chair,698.352,2018-06
8792,CA-2018-162075,2018-03-18,2018-03-24,Standard Class,TT-21220,Thomas Thornton,Consumer,United States,Houston,Texas,77041.0,Central,TEC-PH-10001557,Technology,Phones,Pyle PMP37LED,537.544,2018-03
8795,CA-2015-162992,2015-12-19,2015-12-21,First Class,BP-11095,Bart Pistole,Corporate,United States,Los Angeles,California,90008.0,West,TEC-PH-10001944,Technology,Phones,Wi-Ex zBoost YX540 Cellular Phone Signal Booster,583.8,2015-12
8799,US-2017-150140,2017-04-06,2017-04-10,Standard Class,VM-21685,Valerie Mitchum,Home Office,United States,Burlington,Vermont,0.0,East,TEC-PH-10002555,Technology,Phones,Nortel Meridian M5316 Digital phone,1294.75,2017-04
8800,CA-2015-116666,2015-05-08,2015-05-10,First Class,KT-16480,Kean Thornton,Consumer,United States,Philadelphia,Pennsylvania,19134.0,East,TEC-CO-10001449,Technology,Copiers,Hewlett Packard LaserJet 3310 Copier,1799.97,2015-05
8821,CA-2018-100622,2018-11-03,2018-11-07,Standard Class,DK-13090,Dave Kipp,Consumer,United States,Orlando,Florida,32839.0,South,TEC-CO-10003236,Technology,Copiers,Canon Image Class D660 Copier,959.984,2018-11
8833,CA-2016-153423,2016-06-22,2016-06-27,Standard Class,SW-20455,Shaun Weien,Consumer,United States,Rochester,New York,14609.0,East,OFF-BI-10000545,Office Supplies,Binders,GBC Ibimaster 500 Manual ProClick Binding System,1217.568,2016-06
8855,US-2016-115343,2016-09-22,2016-09-25,First Class,FO-14305,Frank Olsen,Consumer,United States,Philadelphia,Pennsylvania,19143.0,East,TEC-AC-10003832,Technology,Accessories,Logitech P710e Mobile Speakerphone,617.976,2016-09
8859,CA-2018-135909,2018-10-13,2018-10-20,Standard Class,JW-15220,Jane Waco,Corporate,United States,Sacramento,California,95823.0,West,OFF-BI-10003527,Office Supplies,Binders,Fellowes PB500 Electric Punch Plastic Comb Binding Machine with Manual Bind,5083.96,2018-10
8869,CA-2017-158260,2017-11-04,2017-11-08,Standard Class,CC-12475,Cindy Chapman,Consumer,United States,San Diego,California,92037.0,West,TEC-MA-10003176,Technology,Machines,Okidata B400 Printer,686.4,2017-11
8872,CA-2018-101805,2018-12-01,2018-12-06,Standard Class,SH-19975,Sally Hughsby,Corporate,United States,Seattle,Washington,98105.0,West,OFF-ST-10002756,Office Supplies,Storage,"Tennsco Stur-D-Stor Boltless Shelving, 5 Shelves, 24"" Deep, Sand",541.24,2018-12
8889,CA-2018-103968,2018-12-01,2018-12-07,Standard Class,ML-17755,Max Ludwig,Home Office,United States,Stockton,California,95207.0,West,FUR-FU-10003394,Furniture,Furnishings,"Tenex ""The Solids"" Textured Chair Mats",629.64,2018-12
8891,CA-2017-147256,2017-10-17,2017-10-21,Second Class,FC-14245,Frank Carlisle,Home Office,United States,Columbia,Missouri,65203.0,Central,OFF-AP-10003057,Office Supplies,Appliances,Honeywell Enviracaire Portable HEPA Air Cleaner for 16' x 20' Room,1927.59,2017-10
8893,CA-2016-111038,2016-12-01,2016-12-06,Standard Class,LC-16960,Lindsay Castell,Home Office,United States,San Diego,California,92037.0,West,FUR-CH-10003973,Furniture,Chairs,GuestStacker Chair with Chrome Finish Legs,2676.672,2016-12
8915,US-2017-144057,2017-05-09,2017-05-13,Standard Class,CV-12805,Cynthia Voltz,Corporate,United States,Austin,Texas,78745.0,Central,OFF-ST-10001490,Office Supplies,Storage,"Hot File 7-Pocket, Floor Stand",856.656,2017-05
8925,CA-2017-168032,2017-01-30,2017-02-03,Standard Class,DF-13135,David Flashing,Consumer,United States,Rockford,Illinois,61107.0,Central,TEC-PH-10004241,Technology,Phones,Nokia Lumia 1020,1439.968,2017-01
8927,CA-2017-168032,2017-01-30,2017-02-03,Standard Class,DF-13135,David Flashing,Consumer,United States,Rockford,Illinois,61107.0,Central,FUR-TA-10004256,Furniture,Tables,Bretford “Just In Time” Height-Adjustable Multi-Task Work Tables,626.1,2017-01
8929,US-2016-168704,2016-04-13,2016-04-17,Standard Class,FP-14320,Frank Preis,Consumer,United States,Huntsville,Texas,77340.0,Central,FUR-TA-10000688,Furniture,Tables,"Chromcraft Bull-Nose Wood Round Conference Table Top, Wood Base",609.98,2016-04
8936,CA-2018-130036,2018-08-27,2018-08-27,Same Day,BP-11185,Ben Peterman,Corporate,United States,Philadelphia,Pennsylvania,19120.0,East,TEC-AC-10001908,Technology,Accessories,Logitech Wireless Headset h800,1119.888,2018-08
8950,CA-2018-150910,2018-12-22,2018-12-28,Standard Class,JL-15130,Jack Lebron,Consumer,United States,Jackson,Tennessee,38301.0,South,FUR-TA-10002903,Furniture,Tables,"Bevis Round Bullnose 29"" High Table Top",934.956,2018-12
8961,CA-2018-150266,2018-11-25,2018-11-30,Standard Class,RO-19780,Rose O'Brian,Consumer,United States,Houston,Texas,77070.0,Central,FUR-CH-10002126,Furniture,Chairs,Hon Deluxe Fabric Upholstered Stacking Chairs,853.93,2018-11
8965,CA-2017-157280,2017-11-05,2017-11-07,First Class,LW-17125,Liz Willingham,Consumer,United States,Virginia Beach,Virginia,23464.0,South,FUR-FU-10003806,Furniture,Furnishings,"Tenex Chairmat w/ Average Lip, 45"" x 53""",756.8,2017-11
8991,US-2016-128587,2016-12-24,2016-12-30,Standard Class,HM-14860,Harry Marie,Corporate,United States,Springfield,Missouri,65807.0,Central,TEC-CO-10003763,Technology,Copiers,Canon PC1060 Personal Laser Copier,4899.93,2016-12
8994,CA-2018-159100,2018-10-16,2018-10-21,Standard Class,VP-21760,Victoria Pisteka,Corporate,United States,Columbia,Tennessee,38401.0,South,FUR-TA-10001950,Furniture,Tables,Balt Solid Wood Round Tables,1875.258,2018-10
9034,CA-2015-152268,2015-09-02,2015-09-07,Standard Class,SC-20095,Sanjit Chand,Consumer,United States,Fayetteville,Arkansas,72701.0,South,OFF-BI-10001359,Office Supplies,Binders,GBC DocuBind TL300 Electric Binding System,1793.98,2015-09
9040,CA-2017-117121,2017-12-17,2017-12-21,Standard Class,AB-10105,Adrian Barton,Consumer,United States,Detroit,Michigan,48205.0,Central,OFF-BI-10000545,Office Supplies,Binders,GBC Ibimaster 500 Manual ProClick Binding System,9892.74,2017-12
9057,CA-2016-160227,2016-11-02,2016-11-04,First Class,ED-13885,Emily Ducich,Home Office,United States,New York City,New York,10011.0,East,FUR-CH-10002073,Furniture,Chairs,Hon Olson Stacker Chairs,2621.322,2016-11
9060,CA-2017-132304,2017-06-14,2017-06-18,Standard Class,AR-10825,Anthony Rawles,Corporate,United States,Seattle,Washington,98103.0,West,FUR-TA-10004619,Furniture,Tables,Hon Non-Folding Utility Tables,1115.17,2017-06
9075,CA-2015-136336,2015-04-21,2015-04-26,Standard Class,DB-13555,Dorothy Badders,Corporate,United States,Henderson,Kentucky,42420.0,South,OFF-ST-10002574,Office Supplies,Storage,"SAFCO Commercial Wire Shelving, Black",828.84,2015-04
9101,CA-2018-152933,2018-10-12,2018-10-16,Standard Class,MG-17650,Matthew Grinstein,Home Office,United States,Dallas,Texas,75081.0,Central,TEC-AC-10003033,Technology,Accessories,Plantronics CS510 - Over-the-Head monaural Wireless Headset System,791.88,2018-10
9115,CA-2017-135461,2017-02-07,2017-02-10,Second Class,EB-13975,Erica Bern,Corporate,United States,Los Angeles,California,90049.0,West,TEC-PH-10004094,Technology,Phones,Motorola L703CM,623.96,2017-02
9118,CA-2018-153045,2018-01-19,2018-01-24,Second Class,NS-18505,Neola Schneider,Consumer,United States,Philadelphia,Pennsylvania,19140.0,East,FUR-CH-10000309,Furniture,Chairs,Global Comet Stacking Arm Chair,887.271,2018-01
9134,CA-2016-157805,2016-08-31,2016-09-04,Standard Class,RH-19510,Rick Huthwaite,Home Office,United States,San Diego,California,92037.0,West,TEC-PH-10004447,Technology,Phones,Toshiba IPT2010-SD IP Telephone,555.96,2016-08
9144,US-2018-166688,2018-05-20,2018-05-26,Standard Class,RD-19480,Rick Duston,Consumer,United States,Las Vegas,Nevada,89115.0,West,TEC-PH-10004094,Technology,Phones,Motorola L703CM,1123.128,2018-05
9149,US-2017-165505,2017-01-23,2017-01-27,Standard Class,CB-12535,Claudia Bergmann,Corporate,United States,Burlington,Vermont,0.0,East,OFF-ST-10001526,Office Supplies,Storage,Iceberg Mobile Mega Data/Printer Cart,1564.29,2017-01
9163,CA-2017-160108,2017-12-08,2017-12-12,Standard Class,AG-10900,Arthur Gainer,Consumer,United States,Eau Claire,Wisconsin,54703.0,Central,FUR-CH-10002335,Furniture,Chairs,Hon GuestStacker Chair,680.01,2017-12
9166,CA-2017-100300,2017-06-24,2017-06-26,Second Class,MJ-17740,Max Jones,Consumer,United States,San Diego,California,92037.0,West,TEC-MA-10000984,Technology,Machines,Okidata MB760 Printer,4476.8,2017-06
9173,US-2017-155768,2017-12-01,2017-12-01,Same Day,LB-16795,Laurel Beltran,Home Office,United States,Oxnard,California,93030.0,West,OFF-ST-10002292,Office Supplies,Storage,"Sauder Facets Collection Locker/File Cabinet, Sky Alder Finish",1112.94,2017-12
9180,CA-2018-156776,2018-08-07,2018-08-11,Standard Class,JL-15505,Jeremy Lonsdale,Consumer,United States,Westminster,California,92683.0,West,TEC-PH-10002415,Technology,Phones,Polycom VoiceStation 500 Conference phone,707.88,2018-08
9187,CA-2018-156776,2018-08-07,2018-08-11,Standard Class,JL-15505,Jeremy Lonsdale,Consumer,United States,Westminster,California,92683.0,West,OFF-AP-10002534,Office Supplies,Appliances,3.6 Cubic Foot Counter Height Office Refrigerator,1473.1,2018-08
9190,US-2016-130512,2016-08-21,2016-08-25,Standard Class,SM-20320,Sean Miller,Home Office,United States,Allentown,Pennsylvania,18103.0,East,OFF-ST-10002574,Office Supplies,Storage,"SAFCO Commercial Wire Shelving, Black",663.072,2016-08
9198,CA-2015-103310,2015-05-10,2015-05-15,Standard Class,GM-14680,Greg Matthias,Consumer,United States,San Jose,California,95123.0,West,TEC-PH-10001817,Technology,Phones,Wilson Electronics DB Pro Signal Booster,1432.0,2015-05
9222,CA-2018-103212,2018-10-13,2018-10-14,First Class,MH-18025,Michelle Huthwaite,Consumer,United States,Lafayette,Louisiana,70506.0,South,FUR-TA-10003473,Furniture,Tables,Bretford Rectangular Conference Table Tops,1504.52,2018-10
9232,CA-2015-148383,2015-12-27,2015-12-31,Standard Class,RP-19390,Resi Pölking,Consumer,United States,Phoenix,Arizona,85023.0,West,OFF-BI-10003650,Office Supplies,Binders,GBC DocuBind 300 Electric Binding Machine,946.764,2015-12
9235,CA-2017-126732,2017-09-02,2017-09-06,Standard Class,LR-16915,Lena Radford,Consumer,United States,Los Angeles,California,90036.0,West,TEC-PH-10001530,Technology,Phones,Cisco Unified IP Phone 7945G VoIP phone,1091.168,2017-09
9237,CA-2017-126732,2017-09-02,2017-09-06,Standard Class,LR-16915,Lena Radford,Consumer,United States,Los Angeles,California,90036.0,West,FUR-TA-10001539,Furniture,Tables,Chromcraft Rectangular Conference Tables,568.728,2017-09
9250,CA-2017-127761,2017-11-10,2017-11-14,Standard Class,SW-20275,Scott Williamson,Consumer,United States,New York City,New York,10009.0,East,TEC-PH-10003691,Technology,Phones,BlackBerry Q10,881.93,2017-11
9271,US-2018-102183,2018-08-21,2018-08-28,Standard Class,PK-19075,Pete Kriz,Consumer,United States,New York City,New York,10035.0,East,OFF-BI-10001359,Office Supplies,Binders,GBC DocuBind TL300 Electric Binding System,4305.552,2018-08
9273,CA-2017-100510,2017-05-12,2017-05-17,Standard Class,HM-14860,Harry Marie,Corporate,United States,New York City,New York,10024.0,East,TEC-PH-10001835,Technology,Phones,Jawbone JAMBOX Wireless Bluetooth Speaker,631.96,2017-05
9274,CA-2018-146983,2018-09-02,2018-09-06,Standard Class,AH-10210,Alan Hwang,Consumer,United States,Henderson,Kentucky,42420.0,South,OFF-BI-10003650,Office Supplies,Binders,GBC DocuBind 300 Electric Binding Machine,1577.94,2018-09
9289,US-2018-165456,2018-11-30,2018-12-03,First Class,TB-21625,Trudy Brown,Consumer,United States,Philadelphia,Pennsylvania,19134.0,East,FUR-CH-10003981,Furniture,Chairs,Global Commerce Series Low-Back Swivel/Tilt Chairs,1079.316,2018-11
9317,CA-2017-161907,2017-04-05,2017-04-09,Standard Class,JH-16180,Justin Hirsh,Consumer,United States,Philadelphia,Pennsylvania,19140.0,East,OFF-SU-10000646,Office Supplies,Supplies,Premier Automatic Letter Opener,769.184,2017-04
9325,CA-2018-121853,2018-09-23,2018-09-29,Standard Class,DB-13660,Duane Benoit,Consumer,United States,Los Angeles,California,90036.0,West,FUR-CH-10003973,Furniture,Chairs,GuestStacker Chair with Chrome Finish Legs,594.816,2018-09
9332,CA-2017-108056,2017-09-29,2017-10-03,Standard Class,ES-14080,Erin Smith,Corporate,United States,Springfield,Oregon,97477.0,West,TEC-PH-10001817,Technology,Phones,Wilson Electronics DB Pro Signal Booster,859.2,2017-09
9348,CA-2018-109085,2018-02-17,2018-02-20,First Class,CK-12325,Christine Kargatis,Home Office,United States,Troy,Ohio,45373.0,East,FUR-CH-10003981,Furniture,Chairs,Global Commerce Series Low-Back Swivel/Tilt Chairs,899.43,2018-02
9349,CA-2017-114860,2017-12-22,2017-12-28,Standard Class,DN-13690,Duane Noonan,Consumer,United States,Moreno Valley,California,92553.0,West,FUR-FU-10000277,Furniture,Furnishings,Deflect-o DuraMat Antistatic Studded Beveled Mat for Medium Pile Carpeting,842.72,2017-12
9353,CA-2018-148411,2018-09-24,2018-09-26,First Class,RO-19780,Rose O'Brian,Consumer,United States,Chicago,Illinois,60623.0,Central,FUR-CH-10003973,Furniture,Chairs,GuestStacker Chair with Chrome Finish Legs,520.464,2018-09
9368,CA-2015-108147,2015-06-08,2015-06-13,Standard Class,RD-19480,Rick Duston,Consumer,United States,Long Beach,New York,11561.0,East,OFF-ST-10003470,Office Supplies,Storage,"Tennsco Snap-Together Open Shelving Units, Starter Sets and Add-On Units",1676.88,2015-06
9389,US-2018-127292,2018-01-19,2018-01-23,Standard Class,RM-19375,Raymond Messe,Consumer,United States,Burlington,Vermont,0.0,East,OFF-AP-10000828,Office Supplies,Appliances,Avanti 4.4 Cu. Ft. Refrigerator,542.94,2018-01
9393,CA-2016-130848,2016-10-25,2016-10-25,Same Day,DG-13300,Deirdre Greer,Corporate,United States,Denver,Colorado,80219.0,West,FUR-CH-10000422,Furniture,Chairs,Global Highback Leather Tilter in Burgundy,582.336,2016-10
9394,CA-2015-125997,2015-09-20,2015-09-23,First Class,MW-18220,Mitch Webber,Consumer,United States,New York City,New York,10011.0,East,TEC-PH-10003484,Technology,Phones,Ooma Telo VoIP Home Phone System,629.95,2015-09
9395,CA-2015-125997,2015-09-20,2015-09-23,First Class,MW-18220,Mitch Webber,Consumer,United States,New York City,New York,10011.0,East,FUR-CH-10001394,Furniture,Chairs,Global Leather Executive Chair,631.782,2015-09
9396,CA-2015-125997,2015-09-20,2015-09-23,First Class,MW-18220,Mitch Webber,Consumer,United States,New York City,New York,10011.0,East,FUR-BO-10002213,Furniture,Bookcases,DMI Eclipse Executive Suite Bookcases,801.568,2015-09
9399,CA-2015-125997,2015-09-20,2015-09-23,First Class,MW-18220,Mitch Webber,Consumer,United States,New York City,New York,10011.0,East,TEC-PH-10003072,Technology,Phones,Panasonic KX-TG9541B DECT 6.0 Digital 2-Line Expandable Cordless Phone With Digital Answering System,1349.91,2015-09
9404,CA-2017-105459,2017-08-12,2017-08-17,Second Class,NP-18700,Nora Preis,Consumer,United States,New York City,New York,10024.0,East,OFF-ST-10000078,Office Supplies,Storage,Tennsco 6- and 18-Compartment Lockers,1591.02,2017-08
9406,CA-2015-152618,2015-03-14,2015-03-17,First Class,RB-19465,Rick Bensley,Home Office,United States,Chicago,Illinois,60653.0,Central,TEC-MA-10003626,Technology,Machines,Hewlett-Packard Deskjet 6540 Color Inkjet Printer,574.91,2015-03
9408,CA-2018-162789,2018-09-22,2018-09-24,Second Class,LC-17140,Logan Currie,Consumer,United States,New York City,New York,10035.0,East,TEC-AC-10002842,Technology,Accessories,WD My Passport Ultra 2TB Portable External Hard Drive,1071.0,2018-09
9413,CA-2016-164777,2016-01-27,2016-01-29,First Class,SC-20305,Sean Christensen,Consumer,United States,Los Angeles,California,90036.0,West,FUR-CH-10002024,Furniture,Chairs,HON 5400 Series Task Chairs for Big and Tall,2803.92,2016-01
9422,CA-2015-145254,2015-07-23,2015-07-27,Standard Class,NC-18535,Nick Crebassa,Corporate,United States,San Francisco,California,94122.0,West,TEC-PH-10000441,Technology,Phones,VTech DS6151,604.752,2015-07
9426,CA-2015-116246,2015-09-12,2015-09-17,Second Class,LW-17215,Luke Weiss,Consumer,United States,New York City,New York,10035.0,East,FUR-CH-10002024,Furniture,Chairs,HON 5400 Series Task Chairs for Big and Tall,3785.292,2015-09
9429,CA-2015-152100,2015-05-11,2015-05-16,Standard Class,VW-21775,Victoria Wilson,Corporate,United States,Huntsville,Texas,77340.0,Central,FUR-CH-10000015,Furniture,Chairs,Hon Multipurpose Stacking Arm Chairs,1212.96,2015-05
9430,CA-2016-166219,2016-08-28,2016-09-01,Standard Class,BP-11185,Ben Peterman,Corporate,United States,Dallas,Texas,75081.0,Central,TEC-PH-10004165,Technology,Phones,Mitel MiVoice 5330e IP Phone,1099.96,2016-08
9463,US-2018-109610,2018-11-25,2018-11-30,Second Class,BS-11590,Brendan Sweed,Corporate,United States,Louisville,Kentucky,40214.0,South,FUR-CH-10001854,Furniture,Chairs,Office Star - Professional Matrix Back Chair with 2-to-1 Synchro Tilt and Mesh Fabric Seat,701.96,2018-11
9485,CA-2017-164770,2017-12-02,2017-12-04,Second Class,MY-18295,Muhammed Yedwab,Corporate,United States,Houston,Texas,77036.0,Central,FUR-BO-10003893,Furniture,Bookcases,Sauder Camden County Collection Library,781.864,2017-12
9487,CA-2018-130505,2018-10-12,2018-10-12,Same Day,NF-18385,Natalie Fritzler,Consumer,United States,Wheeling,West Virginia,26003.0,East,FUR-TA-10001932,Furniture,Tables,"Chromcraft 48"" x 96"" Racetrack Double Pedestal Table",673.344,2018-10
9489,CA-2016-156566,2016-10-01,2016-10-04,First Class,EM-13960,Eric Murdock,Consumer,United States,Portland,Oregon,97206.0,West,TEC-PH-10001817,Technology,Phones,Wilson Electronics DB Pro Signal Booster,572.8,2016-10
9491,CA-2018-111738,2018-01-03,2018-01-07,Standard Class,CM-12385,Christopher Martinez,Consumer,United States,San Francisco,California,94110.0,West,OFF-BI-10004584,Office Supplies,Binders,GBC ProClick 150 Presentation Binding System,2022.272,2018-01
9494,CA-2017-105207,2017-01-03,2017-01-08,Standard Class,BO-11350,Bill Overfelt,Corporate,United States,Broken Arrow,Oklahoma,74012.0,Central,FUR-TA-10000617,Furniture,Tables,"Hon Practical Foundations 30 x 60 Training Table, Light Gray/Charcoal",1592.85,2017-01
9505,CA-2017-113607,2017-10-14,2017-10-18,Standard Class,PW-19030,Pauline Webber,Corporate,United States,New York City,New York,10009.0,East,TEC-PH-10004094,Technology,Phones,Motorola L703CM,1091.93,2017-10
9510,CA-2015-149104,2015-04-05,2015-04-07,Second Class,RD-19900,Ruben Dartt,Consumer,United States,Dearborn Heights,Michigan,48127.0,Central,OFF-ST-10000991,Office Supplies,Storage,Space Solutions HD Industrial Steel Shelving.,689.82,2015-04
9514,CA-2017-125220,2017-10-14,2017-10-19,Standard Class,BE-11410,Bobby Elias,Consumer,United States,Appleton,Wisconsin,54915.0,Central,TEC-AC-10003033,Technology,Accessories,Plantronics CS510 - Over-the-Head monaural Wireless Headset System,1649.75,2017-10
9552,CA-2016-147690,2016-11-10,2016-11-14,Standard Class,SC-20020,Sam Craven,Consumer,United States,Philadelphia,Pennsylvania,19140.0,East,OFF-ST-10001526,Office Supplies,Storage,Iceberg Mobile Mega Data/Printer Cart,577.584,2016-11
9566,CA-2015-130428,2015-03-31,2015-03-31,Same Day,TG-21640,Trudy Glocke,Consumer,United States,Tampa,Florida,33614.0,South,FUR-CH-10002965,Furniture,Chairs,"Global Leather Highback Executive Chair with Pneumatic Height Adjustment, Black",1125.488,2015-03
9579,CA-2018-152975,2018-09-14,2018-09-16,First Class,RB-19705,Roger Barcio,Home Office,United States,New York City,New York,10035.0,East,TEC-PH-10004586,Technology,Phones,Wilson SignalBoost 841262 DB PRO Amplifier Kit,1079.85,2018-09
9582,CA-2018-152975,2018-09-14,2018-09-16,First Class,RB-19705,Roger Barcio,Home Office,United States,New York City,New York,10035.0,East,FUR-CH-10003298,Furniture,Chairs,"Office Star - Contemporary Task Swivel chair with Loop Arms, Charcoal",589.41,2018-09
9616,CA-2015-128524,2015-11-11,2015-11-13,First Class,MZ-17515,Mary Zewe,Corporate,United States,Seattle,Washington,98115.0,West,OFF-BI-10003527,Office Supplies,Binders,Fellowes PB500 Electric Punch Plastic Comb Binding Machine with Manual Bind,2033.584,2015-11
9618,CA-2018-160633,2018-11-16,2018-11-21,Standard Class,BS-11380,Bill Stewart,Corporate,United States,Bowling Green,Ohio,43402.0,East,TEC-CO-10002095,Technology,Copiers,Hewlett Packard 610 Color Digital Copier / Printer,899.982,2018-11
9636,CA-2015-151330,2015-10-14,2015-10-17,First Class,TC-21295,Toby Carlisle,Consumer,United States,Everett,Massachusetts,2149.0,East,FUR-CH-10000749,Furniture,Chairs,Office Star - Ergonomic Mid Back Chair with 2-Way Adjustable Arms,1628.82,2015-10
9638,CA-2015-124702,2015-11-18,2015-11-25,Standard Class,MH-17785,Maya Herman,Corporate,United States,Seattle,Washington,98105.0,West,FUR-TA-10003008,Furniture,Tables,"Lesro Round Back Collection Coffee Table, End Table",730.2,2015-11
9640,CA-2016-116638,2016-01-28,2016-01-31,Second Class,JH-15985,Joseph Holt,Consumer,United States,Concord,North Carolina,28027.0,South,FUR-TA-10000198,Furniture,Tables,Chromcraft Bull-Nose Wood Oval Conference Tables & Bases,4297.644,2016-01
9650,CA-2017-107104,2017-11-26,2017-11-30,Standard Class,MS-17365,Maribeth Schnelling,Consumer,United States,Los Angeles,California,90045.0,West,FUR-BO-10002213,Furniture,Bookcases,DMI Eclipse Executive Suite Bookcases,3406.664,2017-11
9653,CA-2017-107104,2017-11-26,2017-11-30,Standard Class,MS-17365,Maribeth Schnelling,Consumer,United States,Los Angeles,California,90045.0,West,FUR-FU-10002937,Furniture,Furnishings,"GE 48"" Fluorescent Tube, Cool White Energy Saver, 34 Watts, 30/Box",595.38,2017-11
9659,CA-2015-156160,2015-09-22,2015-09-29,Standard Class,AS-10090,Adam Shillingsburg,Consumer,United States,New York City,New York,10035.0,East,FUR-CH-10004983,Furniture,Chairs,Office Star - Mid Back Dual function Ergonomic High Back Chair with 2-Way Adjustable Arms,579.528,2015-09
9661,CA-2017-160717,2017-06-06,2017-06-11,Standard Class,ME-17320,Maria Etezadi,Home Office,United States,Santa Barbara,California,93101.0,West,TEC-PH-10001459,Technology,Phones,Samsung Galaxy Mega 6.3,3023.928,2017-06
9674,CA-2017-114867,2017-12-23,2017-12-28,Standard Class,FM-14290,Frank Merwin,Home Office,United States,Philadelphia,Pennsylvania,19143.0,East,TEC-PH-10002645,Technology,Phones,LG G2,1499.97,2017-12
9681,CA-2016-130113,2016-12-27,2016-12-31,Standard Class,AH-10030,Aaron Hawkins,Corporate,United States,San Francisco,California,94122.0,West,TEC-PH-10003505,Technology,Phones,Geemarc AmpliPOWER60,668.16,2016-12
9690,US-2018-135986,2018-06-20,2018-06-27,Standard Class,PG-18895,Paul Gonzalez,Consumer,United States,Richmond,Virginia,23223.0,South,TEC-PH-10003691,Technology,Phones,BlackBerry Q10,503.96,2018-06
9692,CA-2016-130183,2016-11-13,2016-11-17,Standard Class,PO-18850,Patrick O'Brill,Consumer,United States,Houston,Texas,77041.0,Central,FUR-BO-10001811,Furniture,Bookcases,"Atlantic Metals Mobile 5-Shelf Bookcases, Custom Colors",613.9992,2016-11
9704,CA-2018-147032,2018-07-31,2018-08-04,Standard Class,LB-16795,Laurel Beltran,Home Office,United States,Wilmington,Delaware,19805.0,East,OFF-BI-10003656,Office Supplies,Binders,Fellowes PB200 Plastic Comb Binding Machine,849.95,2018-07
9713,CA-2015-114251,2015-11-05,2015-11-10,Standard Class,MD-17350,Maribeth Dona,Consumer,United States,Philadelphia,Pennsylvania,19143.0,East,OFF-ST-10003716,Office Supplies,Storage,Tennsco Double-Tier Lockers,1080.096,2015-11
9728,CA-2018-167395,2018-12-02,2018-12-04,First Class,KM-16720,Kunst Miller,Consumer,United States,Lowell,Massachusetts,1852.0,East,TEC-PH-10004977,Technology,Phones,GE 30524EE4,979.95,2018-12
9731,CA-2015-111962,2015-09-29,2015-10-04,Standard Class,EB-14170,Evan Bailliet,Consumer,United States,Seattle,Washington,98115.0,West,OFF-ST-10000046,Office Supplies,Storage,Fellowes Super Stor/Drawer Files,807.75,2015-09
9735,CA-2015-114321,2015-08-20,2015-08-25,Standard Class,NC-18535,Nick Crebassa,Corporate,United States,Hampton,Virginia,23666.0,South,OFF-BI-10001359,Office Supplies,Binders,GBC DocuBind TL300 Electric Binding System,896.99,2015-08
9742,CA-2016-117086,2016-11-08,2016-11-12,Standard Class,QJ-19255,Quincy Jones,Corporate,United States,Burlington,Vermont,0.0,East,FUR-BO-10004834,Furniture,Bookcases,"Riverside Palais Royal Lawyers Bookcase, Royale Cherry Finish",4404.9,2016-11
9749,US-2015-140914,2015-11-11,2015-11-15,Standard Class,BH-11710,Brosina Hoffman,Consumer,United States,Chicago,Illinois,60653.0,Central,FUR-CH-10003379,Furniture,Chairs,Global Commerce Series High-Back Swivel/Tilt Chairs,797.944,2015-11
9760,CA-2017-146913,2017-10-31,2017-11-05,Standard Class,SF-20965,Sylvia Foulston,Corporate,United States,San Francisco,California,94109.0,West,FUR-CH-10001854,Furniture,Chairs,Office Star - Professional Matrix Back Chair with 2-to-1 Synchro Tilt and Mesh Fabric Seat,1403.92,2017-10
9775,CA-2015-169019,2015-07-26,2015-07-30,Standard Class,LF-17185,Luke Foster,Consumer,United States,San Antonio,Texas,78207.0,Central,OFF-BI-10004995,Office Supplies,Binders,GBC DocuBind P400 Electric Binding System,2177.584,2015-07
9782,CA-2017-153178,2017-09-14,2017-09-18,Standard Class,CL-12565,Clay Ludtke,Consumer,United States,Long Beach,New York,11561.0,East,OFF-BI-10004390,Office Supplies,Binders,GBC DocuBind 200 Manual Binding Machine,673.568,2017-09
9788,CA-2018-144491,2018-03-27,2018-04-01,Standard Class,CJ-12010,Caroline Jumper,Consumer,United States,Houston,Texas,77070.0,Central,FUR-BO-10001811,Furniture,Bookcases,"Atlantic Metals Mobile 5-Shelf Bookcases, Custom Colors",1023.332,2018-03
9789,CA-2018-144491,2018-03-27,2018-04-01,Standard Class,CJ-12010,Caroline Jumper,Consumer,United States,Houston,Texas,77070.0,Central,FUR-CH-10004063,Furniture,Chairs,Global Deluxe High-Back Manager's Chair,600.558,2018-03
